table_id,target_column,annotation_id
GitTables_127878,1,schema:Code
GitTables_105256,2,schema:Code
GitTables_39913,1,schema:URL
GitTables_58145,5,schema:City
GitTables_130151,10,schema:State
GitTables_17945,2,schema:State
GitTables_84639,30,schema:Action
GitTables_200377,4,schema:URL
GitTables_158998,0,schema:Code
GitTables_203152,6,schema:State
GitTables_65794,2,schema:Table
GitTables_143451,5,schema:State
GitTables_7717,4,schema:Quantity
GitTables_103326,8,schema:City
GitTables_18069,0,schema:State
GitTables_61664,40,schema:Series
GitTables_42909,2,schema:URL
GitTables_54156,3,schema:Dataset
GitTables_55751,1,schema:City
GitTables_6002,4,schema:Duration
GitTables_101556,29,schema:URL
GitTables_154568,0,schema:City
GitTables_178274,7,schema:URL
GitTables_152318,3,schema:Action
GitTables_39475,1,schema:Project
GitTables_15866,11,schema:URL
GitTables_185875,4,schema:Code
GitTables_37059,1,schema:Code
GitTables_56151,27,schema:Country
GitTables_33043,30,schema:Action
GitTables_57936,10,schema:City
GitTables_134192,0,schema:State
GitTables_78627,1,schema:State
GitTables_77863,5,schema:Order
GitTables_124341,15,schema:DataType
GitTables_98505,3,schema:State
GitTables_47497,0,schema:Code
GitTables_43939,2,schema:State
GitTables_1771,9,schema:Order
GitTables_86453,2,schema:Table
GitTables_98139,16,schema:DataType
GitTables_14352,7,schema:State
GitTables_103059,3,schema:Rating
GitTables_13044,3,schema:Action
GitTables_121296,8,schema:Class
GitTables_36483,12,schema:Quantity
GitTables_123906,1,schema:URL
GitTables_172393,10,schema:State
GitTables_147035,10,schema:State
GitTables_249,2,schema:Code
GitTables_2796,2,schema:Code
GitTables_86615,12,schema:City
GitTables_67923,9,schema:URL
GitTables_88614,5,schema:Series
GitTables_188754,1,schema:Project
GitTables_24251,2,schema:Mountain
GitTables_114743,3,schema:City
GitTables_13442,0,schema:Code
GitTables_32577,3,schema:Duration
GitTables_140992,5,schema:DataType
GitTables_72418,24,schema:City
GitTables_13123,9,schema:Rating
GitTables_103722,4,schema:Class
GitTables_47186,6,schema:Quantity
GitTables_86437,7,schema:Duration
GitTables_12057,2,schema:State
GitTables_132685,1,schema:Quantity
GitTables_33700,53,schema:City
GitTables_101497,1,schema:Code
GitTables_20729,6,schema:State
GitTables_49808,10,schema:Country
GitTables_33463,3,schema:URL
GitTables_78431,11,schema:URL
GitTables_7426,30,schema:Action
GitTables_48683,3,schema:URL
GitTables_152738,30,schema:Action
GitTables_147885,1,schema:City
GitTables_36250,6,schema:State
GitTables_7271,0,schema:Code
GitTables_118461,2,schema:Code
GitTables_59202,6,schema:Class
GitTables_75,1,schema:Message
GitTables_136702,12,schema:DataType
GitTables_129518,0,schema:Dataset
GitTables_64928,30,schema:Action
GitTables_193475,2,schema:Role
GitTables_141829,1,schema:State
GitTables_32276,8,schema:Country
GitTables_102725,5,schema:Class
GitTables_124512,1,schema:Code
GitTables_11369,14,schema:State
GitTables_169467,2,schema:Message
GitTables_70718,2,schema:Message
GitTables_7739,9,schema:URL
GitTables_35289,10,schema:Code
GitTables_6409,1,schema:URL
GitTables_40780,18,schema:Quantity
GitTables_33800,12,schema:State
GitTables_60204,30,schema:Action
GitTables_69646,17,schema:City
GitTables_21445,4,schema:DataType
GitTables_21579,0,schema:Code
GitTables_2633,1,schema:Duration
GitTables_65060,30,schema:Action
GitTables_38289,6,schema:DataType
GitTables_48261,30,schema:Action
GitTables_3272,2,schema:Code
GitTables_9166,4,schema:Season
GitTables_66986,6,schema:Order
GitTables_182554,30,schema:Action
GitTables_6405,6,schema:Duration
GitTables_8104,4,schema:Order
GitTables_178543,13,schema:DataType
GitTables_162605,3,schema:DataType
GitTables_21474,2,schema:Season
GitTables_850,9,schema:City
GitTables_75867,6,schema:URL
GitTables_51516,1,schema:Code
GitTables_82048,2,schema:State
GitTables_113329,1,schema:URL
GitTables_11264,30,schema:Action
GitTables_101997,1,schema:City
GitTables_120,4,schema:Rating
GitTables_72438,3,schema:Rating
GitTables_25700,2,schema:Table
GitTables_135090,2,schema:DataType
GitTables_28370,0,schema:Season
GitTables_52084,1,schema:DataType
GitTables_69573,7,schema:Role
GitTables_37659,1,schema:Country
GitTables_141895,3,schema:Table
GitTables_26927,3,schema:City
GitTables_133578,6,schema:URL
GitTables_16307,6,schema:Mountain
GitTables_139304,6,schema:State
GitTables_17945,1,schema:City
GitTables_14366,0,schema:Code
GitTables_26495,2,schema:Code
GitTables_26278,2,schema:Quantity
GitTables_152964,2,schema:State
GitTables_9166,6,schema:Rating
GitTables_156705,6,schema:DataType
GitTables_48195,5,schema:State
GitTables_91069,1,schema:Mountain
GitTables_4450,0,schema:State
GitTables_195896,5,schema:Country
GitTables_6339,57,schema:State
GitTables_6032,8,schema:Country
GitTables_186079,5,schema:Country
GitTables_33700,61,schema:State
GitTables_7793,5,schema:State
GitTables_105971,5,schema:URL
GitTables_112153,4,schema:City
GitTables_10668,7,schema:Class
GitTables_3551,2,schema:Rating
GitTables_192097,26,schema:Season
GitTables_20092,0,schema:Table
GitTables_123016,14,schema:Country
GitTables_2041,21,schema:State
GitTables_108518,30,schema:Action
GitTables_5014,12,schema:Order
GitTables_58470,9,schema:Message
GitTables_30064,1,schema:Code
GitTables_160781,5,schema:Series
GitTables_86702,2,schema:URL
GitTables_51352,4,schema:Rating
GitTables_36746,0,schema:Table
GitTables_21321,21,schema:Role
GitTables_122842,30,schema:Action
GitTables_27577,1,schema:Code
GitTables_59129,7,schema:Country
GitTables_73839,1,schema:State
GitTables_96554,19,schema:URL
GitTables_48683,5,schema:Dataset
GitTables_66425,6,schema:City
GitTables_12426,29,schema:Country
GitTables_201315,22,schema:State
GitTables_169648,2,schema:Code
GitTables_69719,2,schema:Order
GitTables_114797,6,schema:Country
GitTables_97790,4,schema:Role
GitTables_96419,7,schema:Project
GitTables_107376,4,schema:URL
GitTables_102685,30,schema:Action
GitTables_25623,13,schema:Country
GitTables_110771,3,schema:URL
GitTables_148824,2,schema:Table
GitTables_4551,30,schema:Action
GitTables_104558,4,schema:Country
GitTables_55034,7,schema:Project
GitTables_45652,3,schema:Country
GitTables_131186,3,schema:City
GitTables_201958,1,schema:Country
GitTables_169785,4,schema:State
GitTables_4941,2,schema:URL
GitTables_25635,30,schema:Action
GitTables_51057,7,schema:URL
GitTables_25289,1,schema:City
GitTables_31103,3,schema:Class
GitTables_152270,3,schema:Class
GitTables_57104,1,schema:Table
GitTables_123016,12,schema:State
GitTables_65196,0,schema:State
GitTables_25930,1,schema:Code
GitTables_51306,0,schema:State
GitTables_31230,0,schema:Country
GitTables_46923,2,schema:DataType
GitTables_44976,3,schema:Code
GitTables_122803,3,schema:Country
GitTables_176,30,schema:Action
GitTables_37142,2,schema:Rating
GitTables_150878,30,schema:Action
GitTables_89301,30,schema:Action
GitTables_146675,1,schema:State
GitTables_38338,8,schema:Series
GitTables_36240,2,schema:State
GitTables_56358,3,schema:Table
GitTables_72854,2,schema:Code
GitTables_185577,1,schema:Country
GitTables_181877,3,schema:Code
GitTables_138491,3,schema:Country
GitTables_21166,34,schema:Event
GitTables_17538,3,schema:Duration
GitTables_6734,12,schema:Duration
GitTables_29497,25,schema:Code
GitTables_32861,4,schema:Class
GitTables_4968,6,schema:Rating
GitTables_16198,6,schema:City
GitTables_136614,3,schema:City
GitTables_61719,8,schema:Class
GitTables_1085,30,schema:Action
GitTables_46867,1,schema:Dataset
GitTables_182491,8,schema:State
GitTables_135904,6,schema:City
GitTables_137077,4,schema:Duration
GitTables_147929,30,schema:Action
GitTables_133729,0,schema:State
GitTables_111103,2,schema:Table
GitTables_22680,1,schema:State
GitTables_21919,9,schema:Class
GitTables_23610,4,schema:URL
GitTables_51758,3,schema:DataType
GitTables_23022,3,schema:Country
GitTables_28039,1,schema:Code
GitTables_150394,1,schema:Code
GitTables_68866,1,schema:City
GitTables_31150,3,schema:Code
GitTables_81138,1,schema:URL
GitTables_8876,6,schema:Project
GitTables_61768,21,schema:Order
GitTables_113174,1,schema:Season
GitTables_109646,2,schema:DataType
GitTables_195259,4,schema:State
GitTables_67695,0,schema:Series
GitTables_168278,3,schema:Season
GitTables_487,2,schema:Code
GitTables_7014,15,schema:State
GitTables_71840,9,schema:Season
GitTables_49288,30,schema:Action
GitTables_109697,2,schema:Project
GitTables_5164,1,schema:Code
GitTables_104421,30,schema:Action
GitTables_199047,6,schema:Duration
GitTables_145750,1,schema:State
GitTables_34996,2,schema:URL
GitTables_31357,30,schema:URL
GitTables_282,2,schema:Class
GitTables_161527,12,schema:City
GitTables_43927,1,schema:Code
GitTables_78719,0,schema:Country
GitTables_2756,5,schema:City
GitTables_125071,6,schema:City
GitTables_35726,3,schema:Role
GitTables_37379,30,schema:Action
GitTables_8290,3,schema:City
GitTables_44815,3,schema:Country
GitTables_9022,10,schema:Class
GitTables_95110,3,schema:City
GitTables_26056,2,schema:Table
GitTables_2696,3,schema:URL
GitTables_130645,4,schema:URL
GitTables_80820,0,schema:City
GitTables_18521,30,schema:Action
GitTables_175288,0,schema:Table
GitTables_100658,8,schema:City
GitTables_82,0,schema:Season
GitTables_128746,18,schema:State
GitTables_41885,19,schema:Rating
GitTables_43249,3,schema:Series
GitTables_88822,3,schema:City
GitTables_3891,4,schema:Country
GitTables_137135,0,schema:Country
GitTables_6942,2,schema:Dataset
GitTables_255,8,schema:Country
GitTables_2376,0,schema:State
GitTables_187709,5,schema:City
GitTables_4009,12,schema:State
GitTables_30983,9,schema:Class
GitTables_5967,1,schema:Code
GitTables_105376,30,schema:Action
GitTables_10083,30,schema:URL
GitTables_130810,1,schema:Table
GitTables_19261,2,schema:Code
GitTables_147691,7,schema:Role
GitTables_115460,12,schema:DataType
GitTables_46667,6,schema:City
GitTables_84877,1,schema:City
GitTables_1005,0,schema:Project
GitTables_178085,10,schema:Country
GitTables_772,0,schema:Dataset
GitTables_9722,44,schema:Quantity
GitTables_46955,4,schema:City
GitTables_31336,1,schema:State
GitTables_48993,7,schema:Message
GitTables_35092,14,schema:DataType
GitTables_2163,11,schema:URL
GitTables_33139,1,schema:URL
GitTables_23701,3,schema:URL
GitTables_107916,3,schema:Duration
GitTables_50189,22,schema:Action
GitTables_155560,0,schema:Table
GitTables_141848,1,schema:Mountain
GitTables_78687,5,schema:Code
GitTables_108040,30,schema:Action
GitTables_10901,4,schema:Country
GitTables_78405,6,schema:Role
GitTables_3048,9,schema:City
GitTables_111110,1,schema:State
GitTables_10590,30,schema:Action
GitTables_16307,1,schema:State
GitTables_33221,6,schema:Country
GitTables_77123,2,schema:State
GitTables_13693,3,schema:DataType
GitTables_12874,8,schema:City
GitTables_134046,2,schema:URL
GitTables_88127,9,schema:State
GitTables_99392,0,schema:Country
GitTables_112810,12,schema:Code
GitTables_56062,1,schema:Order
GitTables_65450,1,schema:State
GitTables_198692,0,schema:State
GitTables_1139,6,schema:Quantity
GitTables_772,5,schema:URL
GitTables_34987,7,schema:State
GitTables_130,3,schema:Code
GitTables_21579,7,schema:URL
GitTables_23474,10,schema:State
GitTables_4850,19,schema:State
GitTables_116622,3,schema:Quantity
GitTables_3590,6,schema:Duration
GitTables_165821,9,schema:Country
GitTables_159916,0,schema:State
GitTables_101505,2,schema:Series
GitTables_47360,30,schema:Action
GitTables_34122,6,schema:City
GitTables_92225,6,schema:DataType
GitTables_203143,1,schema:Country
GitTables_96082,1,schema:Code
GitTables_59159,29,schema:Rating
GitTables_91343,3,schema:State
GitTables_65998,6,schema:Quantity
GitTables_205407,1,schema:State
GitTables_70951,4,schema:City
GitTables_95,5,schema:Country
GitTables_81775,25,schema:Action
GitTables_200695,5,schema:Duration
GitTables_196219,30,schema:Action
GitTables_17422,11,schema:State
GitTables_24545,2,schema:Rating
GitTables_91343,1,schema:City
GitTables_81398,2,schema:City
GitTables_34431,0,schema:Country
GitTables_148299,0,schema:State
GitTables_172906,2,schema:Table
GitTables_194993,2,schema:Dataset
GitTables_98397,1,schema:Country
GitTables_9119,4,schema:Code
GitTables_59524,10,schema:Duration
GitTables_76175,0,schema:State
GitTables_55124,4,schema:URL
GitTables_140347,3,schema:Series
GitTables_54980,0,schema:Country
GitTables_127514,1,schema:URL
GitTables_86838,30,schema:Action
GitTables_204607,7,schema:URL
GitTables_66725,1,schema:Code
GitTables_66069,4,schema:State
GitTables_130797,7,schema:URL
GitTables_78495,8,schema:State
GitTables_179254,6,schema:Series
GitTables_148061,3,schema:Quantity
GitTables_103935,2,schema:Code
GitTables_148746,3,schema:Message
GitTables_16164,1,schema:Role
GitTables_90459,2,schema:Season
GitTables_46767,19,schema:URL
GitTables_5331,9,schema:Quantity
GitTables_1245,15,schema:State
GitTables_72836,5,schema:URL
GitTables_166272,7,schema:Mountain
GitTables_191742,2,schema:Action
GitTables_525,4,schema:Rating
GitTables_102871,18,schema:URL
GitTables_35222,9,schema:Season
GitTables_4858,30,schema:Action
GitTables_126921,2,schema:Event
GitTables_165187,30,schema:Action
GitTables_19418,30,schema:Action
GitTables_28498,0,schema:Code
GitTables_74642,3,schema:DataType
GitTables_14101,30,schema:Action
GitTables_805,2,schema:Code
GitTables_62937,6,schema:Country
GitTables_20100,2,schema:Class
GitTables_19778,8,schema:Country
GitTables_121709,30,schema:Action
GitTables_115402,30,schema:Action
GitTables_31663,30,schema:Action
GitTables_76067,5,schema:City
GitTables_37657,4,schema:State
GitTables_76067,0,schema:URL
GitTables_140897,30,schema:Action
GitTables_183040,8,schema:Duration
GitTables_102061,3,schema:URL
GitTables_2030,6,schema:URL
GitTables_60005,6,schema:URL
GitTables_36387,4,schema:State
GitTables_128711,12,schema:Country
GitTables_5164,11,schema:Country
GitTables_154301,7,schema:Project
GitTables_11149,7,schema:City
GitTables_13724,2,schema:Rating
GitTables_83364,30,schema:Action
GitTables_27,8,schema:URL
GitTables_60497,3,schema:Event
GitTables_125621,2,schema:Table
GitTables_81130,11,schema:Duration
GitTables_125151,0,schema:State
GitTables_103586,20,schema:City
GitTables_33529,12,schema:Country
GitTables_39393,1,schema:Order
GitTables_40453,11,schema:City
GitTables_35934,7,schema:City
GitTables_10487,3,schema:Country
GitTables_21758,2,schema:State
GitTables_36635,8,schema:City
GitTables_62852,5,schema:URL
GitTables_70691,11,schema:Country
GitTables_3469,8,schema:City
GitTables_48682,7,schema:Class
GitTables_103034,3,schema:Class
GitTables_24549,1,schema:Table
GitTables_184794,8,schema:URL
GitTables_40632,3,schema:Code
GitTables_172906,14,schema:DataType
GitTables_24312,30,schema:Action
GitTables_125276,13,schema:URL
GitTables_184648,8,schema:DataType
GitTables_164917,5,schema:Project
GitTables_23199,2,schema:DataType
GitTables_32890,30,schema:Action
GitTables_116098,2,schema:Message
GitTables_76148,2,schema:Code
GitTables_69090,3,schema:City
GitTables_104052,9,schema:State
GitTables_151705,5,schema:Duration
GitTables_39173,3,schema:Code
GitTables_239,3,schema:Duration
GitTables_120920,8,schema:City
GitTables_36940,7,schema:URL
GitTables_75880,1,schema:Series
GitTables_2849,8,schema:Season
GitTables_40780,10,schema:State
GitTables_90257,10,schema:State
GitTables_66064,12,schema:State
GitTables_28090,14,schema:Action
GitTables_178484,14,schema:Class
GitTables_95463,1,schema:Code
GitTables_197380,51,schema:Quantity
GitTables_124614,1,schema:State
GitTables_1558,1,schema:Code
GitTables_132291,13,schema:Season
GitTables_99378,3,schema:Mountain
GitTables_104027,50,schema:Duration
GitTables_17502,5,schema:City
GitTables_120824,2,schema:Message
GitTables_60996,5,schema:URL
GitTables_49457,8,schema:Country
GitTables_73363,21,schema:Order
GitTables_42854,4,schema:URL
GitTables_187063,3,schema:Rating
GitTables_67611,1,schema:Code
GitTables_73363,20,schema:Class
GitTables_154722,30,schema:Action
GitTables_95974,3,schema:Duration
GitTables_19758,3,schema:State
GitTables_169492,12,schema:Event
GitTables_3780,2,schema:Rating
GitTables_95982,15,schema:State
GitTables_45436,30,schema:Action
GitTables_5170,8,schema:Country
GitTables_128339,6,schema:URL
GitTables_174556,4,schema:URL
GitTables_50079,4,schema:State
GitTables_174676,2,schema:Code
GitTables_196439,2,schema:State
GitTables_13908,3,schema:DataType
GitTables_139677,3,schema:URL
GitTables_75239,1,schema:Code
GitTables_124744,0,schema:State
GitTables_5119,7,schema:Season
GitTables_68350,17,schema:Series
GitTables_76067,8,schema:Country
GitTables_200864,4,schema:State
GitTables_27145,3,schema:URL
GitTables_172339,1,schema:Country
GitTables_161267,10,schema:Duration
GitTables_150132,1,schema:Order
GitTables_159868,0,schema:Code
GitTables_68463,10,schema:Message
GitTables_175114,11,schema:URL
GitTables_142152,0,schema:Table
GitTables_26004,2,schema:DataType
GitTables_24791,2,schema:Table
GitTables_165229,4,schema:Table
GitTables_15768,5,schema:City
GitTables_66306,30,schema:Action
GitTables_72071,2,schema:Event
GitTables_10724,9,schema:State
GitTables_32304,30,schema:Action
GitTables_2105,15,schema:Event
GitTables_45780,7,schema:Class
GitTables_10802,3,schema:Series
GitTables_67886,1,schema:Duration
GitTables_44259,30,schema:Action
GitTables_40205,22,schema:Order
GitTables_1851,1,schema:DataType
GitTables_42611,3,schema:State
GitTables_167637,4,schema:Series
GitTables_48618,13,schema:URL
GitTables_100658,11,schema:Country
GitTables_82025,4,schema:Duration
GitTables_125106,19,schema:Country
GitTables_112922,2,schema:Season
GitTables_103718,2,schema:Code
GitTables_35568,30,schema:Action
GitTables_30920,12,schema:Duration
GitTables_152645,4,schema:City
GitTables_99631,6,schema:URL
GitTables_57936,9,schema:State
GitTables_148311,4,schema:Country
GitTables_2184,0,schema:State
GitTables_89196,3,schema:URL
GitTables_206090,36,schema:Rating
GitTables_5119,1,schema:URL
GitTables_11022,8,schema:Duration
GitTables_3137,0,schema:Table
GitTables_66596,30,schema:Action
GitTables_132882,22,schema:Code
GitTables_127773,1,schema:City
GitTables_125409,57,schema:Quantity
GitTables_81188,4,schema:Class
GitTables_118585,4,schema:Class
GitTables_43436,4,schema:Order
GitTables_142075,15,schema:URL
GitTables_93076,1,schema:Country
GitTables_166271,3,schema:State
GitTables_61664,11,schema:Event
GitTables_50864,6,schema:Order
GitTables_5376,2,schema:State
GitTables_156420,5,schema:Country
GitTables_107264,30,schema:Action
GitTables_3469,1,schema:State
GitTables_26056,15,schema:DataType
GitTables_13920,30,schema:Action
GitTables_114279,1,schema:Code
GitTables_160852,4,schema:State
GitTables_21148,4,schema:State
GitTables_854,32,schema:Action
GitTables_51088,3,schema:City
GitTables_40076,4,schema:URL
GitTables_58748,2,schema:URL
GitTables_91646,2,schema:City
GitTables_196439,3,schema:Country
GitTables_204291,5,schema:City
GitTables_3650,2,schema:Country
GitTables_206556,3,schema:Duration
GitTables_111103,14,schema:DataType
GitTables_72936,3,schema:Mountain
GitTables_23715,6,schema:City
GitTables_54493,6,schema:Event
GitTables_40724,17,schema:City
GitTables_42454,36,schema:Quantity
GitTables_119672,1,schema:Country
GitTables_88890,0,schema:Country
GitTables_86453,15,schema:DataType
GitTables_3938,30,schema:Action
GitTables_650,1,schema:Class
GitTables_24437,8,schema:City
GitTables_198742,2,schema:DataType
GitTables_196439,0,schema:Code
GitTables_165229,16,schema:DataType
GitTables_84731,7,schema:URL
GitTables_66338,0,schema:Class
GitTables_28728,7,schema:State
GitTables_101677,6,schema:Country
GitTables_3295,3,schema:Season
GitTables_12979,1,schema:URL
GitTables_61052,3,schema:State
GitTables_148608,1,schema:Code
GitTables_4308,2,schema:Message
GitTables_153350,26,schema:URL
GitTables_530,1,schema:Code
GitTables_124949,2,schema:Quantity
GitTables_96057,3,schema:DataType
GitTables_50237,30,schema:Country
GitTables_56603,3,schema:URL
GitTables_76815,0,schema:URL
GitTables_10985,3,schema:DataType
GitTables_102178,6,schema:URL
GitTables_38953,1,schema:Duration
GitTables_37922,30,schema:Action
GitTables_19163,10,schema:Order
GitTables_78415,0,schema:State
GitTables_2037,8,schema:Country
GitTables_23734,2,schema:Country
GitTables_103294,3,schema:Quantity
GitTables_71425,2,schema:Order
GitTables_167459,0,schema:Event
GitTables_134158,0,schema:Country
GitTables_62267,2,schema:State
GitTables_166845,30,schema:Action
GitTables_8584,4,schema:City
GitTables_16268,0,schema:Code
GitTables_100893,6,schema:Order
GitTables_11022,5,schema:State
GitTables_57532,3,schema:DataType
GitTables_94443,19,schema:City
GitTables_55644,2,schema:Rating
GitTables_16456,30,schema:Action
GitTables_91951,5,schema:Country
GitTables_95859,6,schema:URL
GitTables_51795,30,schema:Action
GitTables_27292,2,schema:Series
GitTables_38806,2,schema:Code
GitTables_96583,30,schema:Action
GitTables_25392,0,schema:State
GitTables_36940,3,schema:State
GitTables_131265,1,schema:Class
GitTables_136703,1,schema:City
GitTables_95106,5,schema:Message
GitTables_204437,1,schema:City
GitTables_5758,4,schema:URL
GitTables_15299,30,schema:Action
GitTables_91587,8,schema:URL
GitTables_72266,11,schema:URL
GitTables_3038,3,schema:DataType
GitTables_7634,6,schema:City
GitTables_203499,5,schema:Series
GitTables_189772,3,schema:Class
GitTables_14051,6,schema:Rating
GitTables_147174,5,schema:Duration
GitTables_74389,8,schema:State
GitTables_179095,6,schema:State
GitTables_87062,2,schema:Series
GitTables_70088,0,schema:Dataset
GitTables_70690,0,schema:Code
GitTables_57957,0,schema:Season
GitTables_12083,1,schema:URL
GitTables_177504,1,schema:City
GitTables_77475,30,schema:Action
GitTables_91813,2,schema:Code
GitTables_22905,30,schema:Rating
GitTables_56126,6,schema:State
GitTables_189247,0,schema:State
GitTables_77246,11,schema:City
GitTables_585,30,schema:Action
GitTables_12654,3,schema:State
GitTables_203930,10,schema:Order
GitTables_161235,0,schema:Class
GitTables_33873,0,schema:Action
GitTables_44041,4,schema:Code
GitTables_126638,3,schema:Order
GitTables_160010,2,schema:URL
GitTables_30225,1,schema:Duration
GitTables_189578,11,schema:Order
GitTables_167011,1,schema:City
GitTables_184938,5,schema:Code
GitTables_90753,5,schema:State
GitTables_41204,4,schema:Country
GitTables_1161,0,schema:Dataset
GitTables_196714,0,schema:Class
GitTables_177155,7,schema:Project
GitTables_66124,30,schema:Action
GitTables_13026,0,schema:State
GitTables_27919,13,schema:Code
GitTables_94038,3,schema:Table
GitTables_16510,2,schema:Message
GitTables_81071,10,schema:DataType
GitTables_33830,0,schema:Action
GitTables_86067,3,schema:DataType
GitTables_119840,4,schema:City
GitTables_25289,2,schema:State
GitTables_17649,11,schema:Quantity
GitTables_132842,2,schema:URL
GitTables_2937,0,schema:Duration
GitTables_182325,3,schema:Country
GitTables_1517,2,schema:Country
GitTables_22238,2,schema:Code
GitTables_105232,11,schema:State
GitTables_59202,7,schema:Order
GitTables_253,2,schema:Class
GitTables_56858,1,schema:Action
GitTables_36483,2,schema:Action
GitTables_127271,1,schema:Code
GitTables_173689,5,schema:Code
GitTables_83227,0,schema:Table
GitTables_136614,4,schema:State
GitTables_3775,30,schema:Action
GitTables_21233,1,schema:Code
GitTables_200095,1,schema:State
GitTables_26573,0,schema:Dataset
GitTables_131416,4,schema:Code
GitTables_70408,10,schema:Rating
GitTables_88712,1,schema:Quantity
GitTables_41956,14,schema:Duration
GitTables_1188,4,schema:City
GitTables_68269,8,schema:State
GitTables_136871,4,schema:Event
GitTables_79184,2,schema:Series
GitTables_107673,1,schema:State
GitTables_126947,13,schema:State
GitTables_107492,2,schema:Action
GitTables_60786,5,schema:Rating
GitTables_12148,3,schema:Event
GitTables_105971,1,schema:Dataset
GitTables_39402,10,schema:Duration
GitTables_85887,1,schema:Class
GitTables_159906,3,schema:City
GitTables_46431,1,schema:Dataset
GitTables_36387,3,schema:City
GitTables_20365,9,schema:Order
GitTables_44279,7,schema:Role
GitTables_114797,4,schema:State
GitTables_157456,5,schema:Message
GitTables_29763,1,schema:Code
GitTables_83722,0,schema:Table
GitTables_39604,2,schema:State
GitTables_198179,6,schema:Event
GitTables_107386,1,schema:URL
GitTables_43294,1,schema:Code
GitTables_131577,4,schema:Code
GitTables_8670,30,schema:Action
GitTables_179637,6,schema:City
GitTables_14681,50,schema:Duration
GitTables_125409,7,schema:Project
GitTables_120725,1,schema:Dataset
GitTables_49217,0,schema:State
GitTables_103294,14,schema:URL
GitTables_130327,1,schema:Code
GitTables_159281,1,schema:Quantity
GitTables_117358,3,schema:State
GitTables_116961,29,schema:URL
GitTables_39374,30,schema:Action
GitTables_7793,4,schema:City
GitTables_202168,0,schema:Code
GitTables_72828,2,schema:DataType
GitTables_74254,11,schema:Quantity
GitTables_17502,8,schema:Country
GitTables_83227,2,schema:DataType
GitTables_4650,16,schema:City
GitTables_3796,30,schema:Action
GitTables_26907,5,schema:Class
GitTables_193413,9,schema:Role
GitTables_205611,21,schema:Quantity
GitTables_69835,10,schema:Dataset
GitTables_117510,1,schema:Code
GitTables_21579,9,schema:City
GitTables_97387,0,schema:Code
GitTables_90935,20,schema:City
GitTables_16033,0,schema:Event
GitTables_58938,11,schema:URL
GitTables_28823,1,schema:State
GitTables_7429,3,schema:Code
GitTables_21870,0,schema:Code
GitTables_182176,2,schema:State
GitTables_37479,0,schema:Country
GitTables_133702,30,schema:Action
GitTables_205520,5,schema:Project
GitTables_98342,0,schema:Country
GitTables_156839,30,schema:Action
GitTables_103125,3,schema:Duration
GitTables_177319,10,schema:State
GitTables_130309,1,schema:URL
GitTables_35848,3,schema:URL
GitTables_61664,21,schema:Message
GitTables_148585,9,schema:Duration
GitTables_54901,0,schema:Message
GitTables_13523,0,schema:Code
GitTables_26251,14,schema:Order
GitTables_21577,3,schema:Season
GitTables_16188,15,schema:City
GitTables_259,2,schema:Class
GitTables_19271,30,schema:Action
GitTables_34189,8,schema:Order
GitTables_20442,23,schema:URL
GitTables_114531,4,schema:City
GitTables_91128,13,schema:Country
GitTables_194278,0,schema:Action
GitTables_161527,29,schema:Country
GitTables_23474,9,schema:City
GitTables_100382,4,schema:URL
GitTables_200660,2,schema:Class
GitTables_20896,1,schema:Code
GitTables_45194,1,schema:URL
GitTables_204311,17,schema:URL
GitTables_146615,24,schema:Order
GitTables_148265,6,schema:URL
GitTables_95438,0,schema:URL
GitTables_46955,5,schema:Country
GitTables_56345,2,schema:Code
GitTables_13574,5,schema:Dataset
GitTables_100893,5,schema:Class
GitTables_58617,0,schema:Action
GitTables_104821,4,schema:Event
GitTables_3932,0,schema:Code
GitTables_140703,5,schema:City
GitTables_168772,3,schema:City
GitTables_65116,4,schema:State
GitTables_19163,9,schema:Class
GitTables_102357,4,schema:Role
GitTables_191859,1,schema:Class
GitTables_10724,10,schema:City
GitTables_125840,3,schema:Table
GitTables_111279,30,schema:Action
GitTables_19700,3,schema:DataType
GitTables_41293,7,schema:Country
GitTables_70633,30,schema:Action
GitTables_769,2,schema:State
GitTables_10783,14,schema:Rating
GitTables_76135,15,schema:Quantity
GitTables_40832,7,schema:Mountain
GitTables_48154,30,schema:Action
GitTables_23926,9,schema:DataType
GitTables_202907,5,schema:Series
GitTables_21226,3,schema:Country
GitTables_164093,4,schema:Country
GitTables_101838,1,schema:URL
GitTables_72418,26,schema:Country
GitTables_11242,3,schema:Country
GitTables_3065,3,schema:Duration
GitTables_112341,2,schema:DataType
GitTables_54649,8,schema:Order
GitTables_11109,0,schema:State
GitTables_8290,4,schema:State
GitTables_37277,5,schema:URL
GitTables_147376,2,schema:Event
GitTables_43482,9,schema:URL
GitTables_95625,4,schema:URL
GitTables_171987,7,schema:Quantity
GitTables_35739,3,schema:City
GitTables_139313,2,schema:State
GitTables_121049,10,schema:Order
GitTables_9128,7,schema:Role
GitTables_2175,1,schema:Duration
GitTables_10752,12,schema:City
GitTables_4118,30,schema:Action
GitTables_10933,5,schema:City
GitTables_153603,2,schema:Project
GitTables_179671,30,schema:Action
GitTables_11344,1,schema:Code
GitTables_2022,2,schema:Code
GitTables_54649,5,schema:Rating
GitTables_605,9,schema:Action
GitTables_1188,7,schema:Country
GitTables_67565,6,schema:Action
GitTables_127669,0,schema:State
GitTables_197041,5,schema:Quantity
GitTables_194684,3,schema:Code
GitTables_201315,2,schema:City
GitTables_15315,30,schema:URL
GitTables_46942,18,schema:Message
GitTables_59186,2,schema:URL
GitTables_2383,31,schema:Country
GitTables_5187,30,schema:Action
GitTables_16291,1,schema:Class
GitTables_44564,19,schema:Country
GitTables_15786,30,schema:Action
GitTables_174648,0,schema:Code
GitTables_21332,10,schema:State
GitTables_33903,2,schema:URL
GitTables_188600,5,schema:Country
GitTables_25748,4,schema:State
GitTables_16592,5,schema:URL
GitTables_69090,4,schema:State
GitTables_15894,2,schema:City
GitTables_4421,2,schema:URL
GitTables_79144,3,schema:Country
GitTables_43396,0,schema:Country
GitTables_21126,4,schema:City
GitTables_46588,5,schema:Quantity
GitTables_120941,2,schema:State
GitTables_156297,4,schema:DataType
GitTables_89584,8,schema:City
GitTables_7435,16,schema:City
GitTables_59096,5,schema:Code
GitTables_185985,1,schema:URL
GitTables_4453,0,schema:State
GitTables_15265,12,schema:Class
GitTables_124927,1,schema:Order
GitTables_2756,8,schema:Country
GitTables_16082,5,schema:Country
GitTables_156614,6,schema:Role
GitTables_18673,2,schema:Code
GitTables_2267,3,schema:Action
GitTables_174647,30,schema:Action
GitTables_7773,0,schema:State
GitTables_145226,1,schema:Code
GitTables_150920,3,schema:Rating
GitTables_97514,5,schema:Duration
GitTables_49996,21,schema:Class
GitTables_72443,1,schema:Code
GitTables_61679,5,schema:City
GitTables_72837,8,schema:Code
GitTables_93076,0,schema:Code
GitTables_127773,2,schema:Country
GitTables_60056,1,schema:Mountain
GitTables_3536,4,schema:State
GitTables_61576,11,schema:City
GitTables_5069,1,schema:Dataset
GitTables_28917,3,schema:Code
GitTables_14342,3,schema:Series
GitTables_180449,4,schema:Action
GitTables_49085,25,schema:URL
GitTables_200033,7,schema:Duration
GitTables_154684,3,schema:Series
GitTables_147994,5,schema:Series
GitTables_6717,3,schema:Country
GitTables_99135,3,schema:State
GitTables_4110,15,schema:State
GitTables_113375,30,schema:Action
GitTables_41907,25,schema:City
GitTables_15550,4,schema:State
GitTables_85021,2,schema:Message
GitTables_20340,1,schema:DataType
GitTables_70219,10,schema:Order
GitTables_185884,2,schema:DataType
GitTables_47248,1,schema:Mountain
GitTables_196218,2,schema:State
GitTables_7136,5,schema:Role
GitTables_49076,0,schema:Country
GitTables_18336,4,schema:Series
GitTables_28620,1,schema:Code
GitTables_8054,6,schema:Order
GitTables_128553,2,schema:Quantity
GitTables_55082,1,schema:State
GitTables_70691,8,schema:City
GitTables_85001,30,schema:Action
GitTables_122600,9,schema:City
GitTables_99243,10,schema:Order
GitTables_5376,1,schema:Country
GitTables_1661,30,schema:Action
GitTables_11041,1,schema:Mountain
GitTables_186190,30,schema:Action
GitTables_146425,4,schema:URL
GitTables_80432,30,schema:Action
GitTables_8759,5,schema:Class
GitTables_45135,7,schema:State
GitTables_10232,30,schema:Action
GitTables_16019,31,schema:Quantity
GitTables_21385,30,schema:Action
GitTables_997,8,schema:Season
GitTables_88127,8,schema:City
GitTables_70033,1,schema:State
GitTables_28114,30,schema:Action
GitTables_6511,3,schema:Series
GitTables_19958,0,schema:Code
GitTables_255,17,schema:URL
GitTables_55825,2,schema:Rating
GitTables_36517,17,schema:Duration
GitTables_1968,9,schema:Class
GitTables_32892,10,schema:City
GitTables_144,0,schema:Country
GitTables_153069,10,schema:State
GitTables_25222,4,schema:City
GitTables_53070,3,schema:Quantity
GitTables_131674,30,schema:Action
GitTables_157610,30,schema:Action
GitTables_159873,2,schema:City
GitTables_142354,0,schema:Country
GitTables_120904,13,schema:URL
GitTables_196360,7,schema:Country
GitTables_132025,3,schema:Quantity
GitTables_48682,2,schema:Rating
GitTables_28728,14,schema:Country
GitTables_29391,3,schema:DataType
GitTables_36635,9,schema:State
GitTables_202168,1,schema:State
GitTables_6162,30,schema:Action
GitTables_99860,30,schema:Action
