table_id,target_column
GitTables_651,3
GitTables_129431,0
GitTables_136531,0
GitTables_20561,3
GitTables_76456,2
GitTables_69393,2
GitTables_127854,7
GitTables_155224,2
GitTables_82493,3
GitTables_33034,3
GitTables_74465,7
GitTables_84877,2
GitTables_76067,6
GitTables_104052,8
GitTables_13615,1
GitTables_102981,3
GitTables_10096,4
GitTables_5390,0
GitTables_63168,5
GitTables_71669,30
GitTables_165821,5
GitTables_3422,5
GitTables_1990,30
GitTables_123941,3
GitTables_204291,7
GitTables_203724,0
GitTables_1924,3
GitTables_77480,2
GitTables_15629,3
GitTables_54568,5
GitTables_15394,4
GitTables_168969,12
GitTables_204842,4
GitTables_170863,30
GitTables_133504,30
GitTables_55625,3
GitTables_29600,15
GitTables_173028,3
GitTables_3346,3
GitTables_91480,0
GitTables_93171,30
GitTables_664,5
GitTables_10343,3
GitTables_96419,15
GitTables_65725,5
GitTables_74893,4
GitTables_4619,4
GitTables_100277,2
GitTables_194818,2
GitTables_84044,4
GitTables_63568,30
GitTables_3046,4
GitTables_69870,0
GitTables_167011,2
GitTables_179965,5
GitTables_4255,0
GitTables_160852,2
GitTables_2704,68
GitTables_202601,4
GitTables_11721,3
GitTables_15100,5
GitTables_59129,8
GitTables_75495,6
GitTables_170552,30
GitTables_147668,2
GitTables_154700,1
GitTables_136828,38
GitTables_43152,1
GitTables_85758,8
GitTables_98139,2
GitTables_122695,5
GitTables_178620,1
GitTables_138402,5
GitTables_4243,2
GitTables_20729,7
GitTables_192557,1
GitTables_70974,0
GitTables_184160,3
GitTables_41293,5
GitTables_52790,0
GitTables_19445,3
GitTables_13967,5
GitTables_43740,0
GitTables_47422,3
GitTables_73850,16
GitTables_35819,0
GitTables_3668,0
GitTables_176821,2
GitTables_117313,7
GitTables_62231,1
GitTables_189772,4
GitTables_2780,3
GitTables_69867,5
GitTables_93525,3
GitTables_190723,2
GitTables_21758,1
GitTables_66379,0
GitTables_122568,10
GitTables_7493,2
GitTables_41885,9
GitTables_31720,30
GitTables_49939,4
GitTables_70484,14
GitTables_179101,5
GitTables_69793,0
GitTables_34747,30
GitTables_146570,5
GitTables_67747,17
GitTables_193552,3
GitTables_49586,1
GitTables_168634,11
GitTables_27416,6
GitTables_102224,3
GitTables_110539,2
GitTables_25623,14
GitTables_168185,4
GitTables_143821,0
GitTables_130309,4
GitTables_8010,30
GitTables_50843,16
GitTables_64434,5
GitTables_42854,13
GitTables_88462,2
GitTables_83572,4
GitTables_57639,0
GitTables_78079,0
GitTables_24023,4
GitTables_190709,0
GitTables_190305,1
GitTables_67956,4
GitTables_4898,0
GitTables_65794,14
GitTables_32914,3
GitTables_107873,5
GitTables_15315,5
GitTables_148824,7
GitTables_174964,2
GitTables_68269,13
GitTables_39435,6
GitTables_90064,0
GitTables_37216,2
GitTables_120614,5
GitTables_11938,10
GitTables_49457,5
GitTables_188018,2
GitTables_188764,11
GitTables_38744,1
GitTables_11149,30
GitTables_124341,2
GitTables_46745,4
GitTables_40780,9
GitTables_76039,3
GitTables_57539,3
GitTables_24791,15
GitTables_120744,5
GitTables_187,14
GitTables_67719,30
GitTables_5164,9
GitTables_20729,5
GitTables_17873,30
GitTables_13439,7
GitTables_55825,8
GitTables_174051,5
GitTables_178085,7
GitTables_202619,5
GitTables_61768,20
GitTables_19383,22
GitTables_190356,3
GitTables_73612,1
GitTables_47937,2
GitTables_68211,5
GitTables_59159,40
GitTables_25989,7
GitTables_98764,0
GitTables_58185,1
GitTables_36305,7
GitTables_13489,2
GitTables_178543,2
GitTables_164507,1
GitTables_21144,3
GitTables_60429,7
GitTables_11209,1
GitTables_35739,4
GitTables_112720,0
GitTables_22312,5
GitTables_4178,30
GitTables_43315,6
GitTables_263,0
GitTables_586,32
GitTables_15268,4
GitTables_98327,3
GitTables_47186,8
GitTables_15768,7
GitTables_3300,2
GitTables_125621,1
GitTables_201572,10
GitTables_113254,45
GitTables_130005,0
GitTables_107457,30
GitTables_1792,30
GitTables_34122,7
GitTables_14934,30
GitTables_136531,7
GitTables_50924,2
GitTables_7431,0
GitTables_60429,3
GitTables_25222,6
GitTables_160852,15
GitTables_78171,5
GitTables_19462,30
GitTables_189659,2
GitTables_6644,1
GitTables_195943,0
GitTables_69175,4
GitTables_182978,1
GitTables_109725,3
GitTables_65990,4
GitTables_13761,0
GitTables_133206,1
GitTables_22797,30
GitTables_200728,14
GitTables_36170,2
GitTables_33830,3
GitTables_14147,30
GitTables_23651,2
GitTables_77351,1
GitTables_80973,7
GitTables_170857,1
GitTables_13523,2
GitTables_49586,2
GitTables_21474,11
GitTables_92068,1
GitTables_55825,3
GitTables_2105,12
GitTables_203724,2
GitTables_60272,1
GitTables_195020,0
GitTables_7898,1
GitTables_6366,1
GitTables_196955,6
GitTables_202837,1
GitTables_127351,2
GitTables_22414,1
GitTables_8290,7
GitTables_66394,3
GitTables_36250,5
GitTables_112238,0
GitTables_64708,12
GitTables_18863,2
GitTables_35440,30
GitTables_49641,3
GitTables_62679,3
GitTables_35289,9
GitTables_168448,1
GitTables_22905,12
GitTables_141579,4
GitTables_110633,0
GitTables_184494,11
GitTables_110583,5
GitTables_82061,5
GitTables_88147,4
GitTables_182033,4
GitTables_6339,8
GitTables_44895,6
GitTables_105212,3
GitTables_125404,2
GitTables_2096,2
GitTables_199036,1
GitTables_97093,9
GitTables_152679,2
GitTables_172857,2
GitTables_44430,30
GitTables_71873,0
GitTables_76997,10
GitTables_22646,2
GitTables_169931,5
GitTables_116365,2
GitTables_63168,4
GitTables_25748,3
GitTables_2966,0
GitTables_43291,1
GitTables_37025,2
GitTables_110686,0
GitTables_120416,10
GitTables_180891,1
GitTables_160852,5
GitTables_78046,7
GitTables_124901,30
GitTables_57366,2
GitTables_23794,6
GitTables_22680,8
GitTables_71163,4
GitTables_120920,11
GitTables_11889,0
GitTables_121688,30
GitTables_24549,3
GitTables_43191,3
GitTables_102974,1
GitTables_605,6
GitTables_151860,1
GitTables_157213,25
GitTables_78495,7
GitTables_8689,1
GitTables_92837,4
GitTables_70479,4
GitTables_97093,5
GitTables_18752,2
GitTables_101887,1
GitTables_68254,1
GitTables_16188,6
GitTables_59555,2
GitTables_6339,12
GitTables_32566,3
GitTables_71588,8
GitTables_85578,1
GitTables_15349,2
GitTables_191994,6
GitTables_54727,3
GitTables_62365,5
GitTables_40205,21
GitTables_72016,3
GitTables_65116,6
GitTables_182707,30
GitTables_92782,5
GitTables_55273,2
GitTables_37242,2
GitTables_91012,10
GitTables_97873,1
GitTables_50767,30
GitTables_39192,15
GitTables_65450,0
GitTables_28728,6
GitTables_99184,4
GitTables_5376,0
GitTables_41441,0
GitTables_30292,30
GitTables_103066,30
GitTables_62177,2
GitTables_7266,12
GitTables_142118,0
GitTables_2105,13
GitTables_120737,2
GitTables_30706,6
GitTables_181765,3
GitTables_11242,4
GitTables_25179,18
GitTables_74227,2
GitTables_40101,30
GitTables_202619,1
GitTables_119840,6
GitTables_58855,2
GitTables_20035,19
GitTables_173028,4
GitTables_134244,4
GitTables_168988,9
GitTables_47501,18
GitTables_138900,0
GitTables_40771,11
GitTables_6749,2
GitTables_15962,30
GitTables_123343,0
GitTables_18092,1
GitTables_121392,1
GitTables_92837,5
GitTables_118997,23
GitTables_23067,4
GitTables_130309,3
GitTables_178656,2
GitTables_45780,8
GitTables_134164,5
GitTables_152270,1
GitTables_32392,1
GitTables_40112,30
GitTables_188568,3
GitTables_1453,1
GitTables_33221,4
GitTables_36250,7
GitTables_57095,11
GitTables_75839,0
GitTables_64028,30
GitTables_201315,3
GitTables_58103,1
GitTables_29600,2
GitTables_94443,16
GitTables_67051,5
GitTables_24145,1
GitTables_2150,2
GitTables_2744,30
GitTables_142842,4
GitTables_171897,10
GitTables_126500,0
GitTables_13884,11
GitTables_54982,3
GitTables_127866,4
GitTables_29884,5
GitTables_177561,5
GitTables_162605,0
GitTables_18244,2
GitTables_7873,3
GitTables_4147,2
GitTables_58103,11
GitTables_168500,2
GitTables_5588,17
GitTables_184217,0
GitTables_44897,21
GitTables_26927,4
GitTables_49549,10
GitTables_206090,15
GitTables_143725,1
GitTables_165316,5
GitTables_133627,0
GitTables_49033,4
GitTables_31019,8
GitTables_33700,62
GitTables_102079,4
GitTables_23787,1
GitTables_68866,2
GitTables_118601,1
GitTables_107504,1
GitTables_143508,30
GitTables_155041,5
GitTables_36687,2
GitTables_2267,2
GitTables_31687,30
GitTables_98795,6
GitTables_3153,3
GitTables_31675,1
GitTables_38338,19
GitTables_100210,5
GitTables_39807,18
GitTables_148046,3
GitTables_117436,0
GitTables_144132,2
GitTables_5021,3
GitTables_9223,2
GitTables_7430,12
GitTables_104052,14
GitTables_80416,5
GitTables_262,0
GitTables_186178,10
GitTables_187097,2
GitTables_15894,3
GitTables_3233,4
GitTables_31336,3
GitTables_24390,0
GitTables_61608,30
GitTables_3210,5
GitTables_13789,11
GitTables_32532,0
GitTables_170393,2
GitTables_24907,12
GitTables_15067,6
GitTables_178085,8
GitTables_56647,2
GitTables_8026,5
GitTables_117063,6
GitTables_123688,2
GitTables_194684,0
GitTables_48171,0
GitTables_104400,4
GitTables_10105,2
GitTables_196218,1
GitTables_38626,1
GitTables_177319,9
GitTables_142118,5
GitTables_169492,8
GitTables_20472,6
GitTables_178797,2
GitTables_71526,5
GitTables_5014,11
GitTables_195781,4
GitTables_86615,13
GitTables_110691,24
GitTables_195781,5
GitTables_83443,6
GitTables_138316,6
GitTables_50888,29
GitTables_75770,2
GitTables_111110,3
GitTables_156181,2
GitTables_119780,30
GitTables_6315,2
GitTables_91128,10
GitTables_24037,2
GitTables_183224,8
GitTables_70824,5
GitTables_112220,3
GitTables_52520,7
GitTables_10933,8
GitTables_7502,6
GitTables_105321,30
GitTables_118585,5
GitTables_148551,1
GitTables_128746,1
GitTables_127351,0
GitTables_184648,2
GitTables_26975,0
GitTables_101887,2
GitTables_7368,7
GitTables_165124,0
GitTables_6809,5
GitTables_16531,0
GitTables_16928,18
GitTables_120660,16
GitTables_6493,3
GitTables_97838,10
GitTables_20367,2
GitTables_101816,1
GitTables_48753,5
GitTables_3300,1
GitTables_173194,0
GitTables_18872,30
GitTables_170577,8
GitTables_152178,30
GitTables_130734,0
GitTables_11423,44
GitTables_148527,3
GitTables_2037,6
GitTables_25760,4
GitTables_2279,1
GitTables_147035,9
GitTables_26585,5
GitTables_30675,0
GitTables_3000,6
GitTables_76808,16
GitTables_186178,5
GitTables_79421,30
GitTables_23286,3
GitTables_96232,30
GitTables_20725,7
GitTables_74535,4
GitTables_111864,0
GitTables_4335,2
GitTables_127854,22
GitTables_18244,1
GitTables_72460,2
GitTables_16095,30
GitTables_47482,18
GitTables_120941,6
GitTables_12142,30
GitTables_152454,3
GitTables_28433,5
GitTables_64434,3
GitTables_131422,0
GitTables_76010,5
GitTables_36659,11
GitTables_204594,9
GitTables_106348,0
GitTables_26998,12
GitTables_24065,30
GitTables_56015,1
GitTables_109300,5
GitTables_7755,5
GitTables_148167,8
GitTables_85240,1
GitTables_77863,4
GitTables_2141,8
GitTables_105954,8
GitTables_70668,5
GitTables_114570,4
GitTables_165359,4
GitTables_7368,8
GitTables_39475,3
GitTables_165464,1
GitTables_117063,9
GitTables_107376,2
GitTables_141354,7
GitTables_41907,28
GitTables_144030,3
GitTables_79553,6
GitTables_25760,0
GitTables_168582,1
GitTables_20357,2
GitTables_92544,5
GitTables_36087,6
GitTables_73693,6
GitTables_36687,16
GitTables_96419,16
GitTables_178976,2
GitTables_24532,2
GitTables_176082,30
GitTables_1505,1
GitTables_15943,2
GitTables_58145,6
GitTables_45007,1
GitTables_183369,12
GitTables_46342,2
GitTables_37203,30
GitTables_77246,7
GitTables_127351,3
GitTables_93718,2
GitTables_70998,7
GitTables_19062,1
GitTables_31723,8
GitTables_1771,8
GitTables_35619,15
GitTables_37324,7
GitTables_126933,5
GitTables_120941,3
GitTables_10696,1
GitTables_196450,6
GitTables_121392,0
GitTables_91318,0
GitTables_105030,6
GitTables_183973,6
GitTables_68269,7
GitTables_75903,30
GitTables_83108,5
GitTables_204437,2
GitTables_6742,5
GitTables_183224,1
GitTables_89390,1
GitTables_96947,0
GitTables_49158,2
GitTables_187167,2
GitTables_156765,1
GitTables_126933,13
GitTables_88127,2
GitTables_60272,0
GitTables_91813,3
GitTables_2704,67
GitTables_32392,0
GitTables_21474,10
GitTables_169960,1
GitTables_30490,0
GitTables_114797,2
GitTables_16928,19
GitTables_157187,1
GitTables_364,17
GitTables_47627,25
GitTables_91646,0
GitTables_110759,2
GitTables_45330,2
GitTables_27290,4
GitTables_26108,2
GitTables_71407,7
GitTables_15550,8
GitTables_205180,3
GitTables_149175,2
GitTables_30502,5
GitTables_117358,2
GitTables_70138,2
GitTables_100895,2
GitTables_55599,30
GitTables_138971,5
GitTables_136637,2
GitTables_71807,1
GitTables_123016,11
GitTables_4215,3
GitTables_174342,10
GitTables_26158,1
GitTables_110111,9
GitTables_6878,2
GitTables_78834,6
GitTables_34189,9
GitTables_188764,9
GitTables_132914,5
GitTables_2943,3
GitTables_77577,1
GitTables_27526,5
GitTables_59129,2
GitTables_73485,0
GitTables_32258,1
GitTables_148311,3
GitTables_67981,30
GitTables_107480,0
GitTables_40050,8
GitTables_104,0
GitTables_49808,7
GitTables_7093,1
GitTables_95393,2
GitTables_86067,1
GitTables_92225,2
GitTables_98138,0
GitTables_31680,3
GitTables_92544,7
GitTables_120614,9
GitTables_35886,30
GitTables_25820,9
GitTables_71269,1
GitTables_4351,2
GitTables_174861,3
GitTables_49457,18
GitTables_1171,25
GitTables_17997,7
GitTables_98848,1
GitTables_826,5
GitTables_39159,2
GitTables_22968,3
GitTables_13,5
GitTables_126113,4
GitTables_120513,2
GitTables_37384,5
GitTables_147376,7
GitTables_178976,1
GitTables_16457,0
GitTables_110390,0
GitTables_32227,1
GitTables_80894,1
GitTables_127797,30
GitTables_91646,1
GitTables_955,1
GitTables_166271,2
GitTables_53065,7
GitTables_36293,30
GitTables_68211,3
GitTables_75163,3
GitTables_49703,30
GitTables_13574,3
GitTables_48285,2
GitTables_45537,3
GitTables_160082,18
GitTables_87247,0
GitTables_86684,10
GitTables_190398,16
GitTables_21791,3
GitTables_77392,3
GitTables_152679,1
GitTables_8584,12
GitTables_14208,10
GitTables_72183,1
GitTables_18386,7
GitTables_169746,8
GitTables_23715,7
GitTables_22158,30
GitTables_174861,7
GitTables_38626,2
GitTables_85324,1
GitTables_24262,10
GitTables_8929,19
GitTables_184262,5
GitTables_36298,5
GitTables_98279,30
GitTables_85656,30
GitTables_66967,2
GitTables_34999,1
GitTables_13523,3
GitTables_147918,8
GitTables_92622,7
GitTables_71706,0
GitTables_81970,21
GitTables_34987,6
GitTables_89658,9
GitTables_69706,3
GitTables_80,1
GitTables_196439,1
GitTables_15394,0
GitTables_68492,0
GitTables_197779,1
GitTables_24437,9
GitTables_17995,30
GitTables_85825,3
GitTables_137690,3
GitTables_170249,2
GitTables_110581,5
GitTables_140693,2
GitTables_53200,30
GitTables_59798,1
GitTables_61274,5
GitTables_76626,2
GitTables_165554,8
GitTables_92336,8
GitTables_28302,4
GitTables_80936,2
GitTables_158931,0
GitTables_61664,47
GitTables_186488,1
GitTables_165554,7
GitTables_117226,21
GitTables_3812,21
GitTables_21474,12
GitTables_181727,6
GitTables_177975,3
GitTables_144423,0
GitTables_36940,2
GitTables_132914,0
GitTables_35,1
GitTables_32494,1
GitTables_165955,4
GitTables_120785,0
GitTables_4680,0
GitTables_27424,0
GitTables_114020,5
GitTables_15550,3
GitTables_111447,6
GitTables_71756,0
GitTables_66791,5
GitTables_13026,4
GitTables_76175,6
GitTables_69648,3
GitTables_3606,2
GitTables_206287,1
GitTables_141438,30
GitTables_59023,4
GitTables_43326,0
GitTables_104752,2
GitTables_18835,1
GitTables_2657,30
GitTables_103066,21
GitTables_159487,4
GitTables_15212,0
GitTables_85525,1
GitTables_45136,1
GitTables_164093,5
GitTables_61341,30
GitTables_36033,5
GitTables_37899,3
GitTables_48309,6
GitTables_96225,1
GitTables_144142,0
GitTables_41022,1
GitTables_120614,8
GitTables_31357,21
GitTables_263,3
GitTables_175114,7
GitTables_58874,3
GitTables_412,13
GitTables_18069,12
GitTables_156034,11
GitTables_30169,3
GitTables_7974,8
GitTables_152124,11
GitTables_72418,25
GitTables_10778,4
GitTables_181880,1
GitTables_45571,5
GitTables_80666,3
GitTables_31992,2
GitTables_162328,10
GitTables_66380,1
GitTables_19210,1
GitTables_115636,1
GitTables_12874,11
GitTables_27061,2
GitTables_124689,9
GitTables_78834,13
GitTables_5081,2
GitTables_121137,1
GitTables_45135,10
GitTables_85324,3
GitTables_112059,3
GitTables_73978,1
GitTables_16198,8
GitTables_66734,0
GitTables_11572,1
GitTables_121296,14
GitTables_42854,5
GitTables_204163,4
GitTables_81049,4
GitTables_124046,21
GitTables_124271,8
GitTables_104637,1
GitTables_142129,1
GitTables_134131,2
GitTables_38289,2
GitTables_155999,3
GitTables_121108,7
GitTables_172446,30
GitTables_73181,2
GitTables_8,2
GitTables_108730,0
GitTables_24032,0
GitTables_132000,7
GitTables_78495,10
GitTables_33972,4
GitTables_189659,16
GitTables_39320,0
GitTables_93657,1
GitTables_79080,2
GitTables_66399,2
GitTables_29933,0
GitTables_255,28
GitTables_13552,4
GitTables_199291,1
GitTables_133594,2
GitTables_104173,0
GitTables_30073,1
GitTables_77504,21
GitTables_7456,4
GitTables_101472,7
GitTables_203143,3
GitTables_183973,2
GitTables_134192,12
GitTables_119978,8
GitTables_1086,2
GitTables_4471,2
GitTables_2487,0
GitTables_9402,30
GitTables_7438,0
GitTables_25408,3
GitTables_61206,3
GitTables_6599,15
GitTables_110561,1
GitTables_88127,10
GitTables_26947,9
GitTables_30953,8
GitTables_3690,1
GitTables_11125,6
GitTables_102873,1
GitTables_127800,1
GitTables_66425,1
GitTables_55304,6
GitTables_50606,4
GitTables_44677,6
GitTables_164445,4
GitTables_152645,3
GitTables_30920,19
GitTables_171521,18
GitTables_95180,1
GitTables_2415,30
GitTables_122634,1
GitTables_120201,0
GitTables_160852,18
GitTables_44527,34
GitTables_24262,9
GitTables_157663,3
GitTables_21579,11
GitTables_61372,1
GitTables_57508,2
GitTables_13483,30
GitTables_42211,20
GitTables_91842,1
GitTables_7332,7
GitTables_16949,30
GitTables_38781,16
GitTables_117155,9
GitTables_191368,4
GitTables_146615,15
GitTables_22905,13
GitTables_55083,0
GitTables_9710,30
GitTables_73181,10
GitTables_35092,2
GitTables_168185,2
GitTables_25643,1
GitTables_66399,1
GitTables_129971,2
GitTables_9876,1
GitTables_120485,1
GitTables_9276,30
GitTables_139038,3
GitTables_91963,1
GitTables_10839,2
GitTables_2691,30
GitTables_131013,4
GitTables_37657,3
GitTables_51876,30
GitTables_85630,1
GitTables_90084,2
GitTables_170249,10
GitTables_58103,12
GitTables_108449,12
GitTables_178764,9
GitTables_206090,27
GitTables_122750,30
GitTables_20939,30
GitTables_31440,3
GitTables_60540,1
GitTables_48496,2
GitTables_44514,5
GitTables_41907,26
GitTables_145098,4
GitTables_12903,7
GitTables_7854,30
GitTables_38707,2
GitTables_186549,10
GitTables_69941,5
GitTables_161434,3
GitTables_157663,2
GitTables_81312,1
GitTables_10678,2
GitTables_125276,6
GitTables_2202,2
GitTables_40780,8
GitTables_33541,0
GitTables_184794,7
GitTables_41733,2
GitTables_142354,4
GitTables_73780,2
GitTables_67039,2
GitTables_39159,1
GitTables_24472,0
GitTables_77164,1
GitTables_74046,1
GitTables_36440,3
GitTables_3483,5
GitTables_3771,2
GitTables_112153,5
GitTables_60082,0
GitTables_75865,4
GitTables_169,2
GitTables_205545,6
GitTables_52735,1
GitTables_123903,5
GitTables_58675,0
GitTables_146241,0
GitTables_169746,15
GitTables_14049,1
GitTables_113714,3
GitTables_36517,8
