table_id,target_column
GitTables_51003,1
GitTables_106483,0
GitTables_49457,0
GitTables_16615,2
GitTables_103266,16
GitTables_166118,3
GitTables_9850,0
GitTables_177155,4
GitTables_205888,2
GitTables_66388,0
GitTables_59159,12
GitTables_29942,16
GitTables_27685,4
GitTables_33526,0
GitTables_55644,0
GitTables_28305,0
GitTables_13328,1
GitTables_28390,22
GitTables_127514,0
GitTables_20740,0
GitTables_49656,1
GitTables_191742,0
GitTables_129281,7
GitTables_24262,1
GitTables_135904,10
GitTables_154567,0
GitTables_36642,0
GitTables_105,0
GitTables_31653,2
GitTables_162596,2
GitTables_71314,1
GitTables_32853,7
GitTables_28039,2
GitTables_133369,7
GitTables_150281,2
GitTables_96082,0
GitTables_11427,9
GitTables_126113,12
GitTables_37819,2
GitTables_165229,9
GitTables_148107,1
GitTables_7512,0
GitTables_71526,0
GitTables_118421,0
GitTables_113286,2
GitTables_19445,1
GitTables_13552,8
GitTables_156560,6
GitTables_72256,6
GitTables_10759,0
GitTables_133269,3
GitTables_41344,6
GitTables_28819,44
GitTables_82061,1
GitTables_1190,0
GitTables_9205,0
GitTables_20357,5
GitTables_114020,3
GitTables_95,7
GitTables_159868,1
GitTables_3335,32
GitTables_187346,4
GitTables_66443,5
GitTables_202132,5
GitTables_64665,2
GitTables_148213,3
GitTables_62231,11
GitTables_148608,0
GitTables_105393,3
GitTables_8317,1
GitTables_13952,1
GitTables_194378,3
GitTables_245,0
GitTables_7215,0
GitTables_85825,2
GitTables_110230,0
GitTables_99094,7
GitTables_63766,2
GitTables_109577,0
GitTables_205904,2
GitTables_120660,13
GitTables_13491,1
GitTables_8095,0
GitTables_7788,6
GitTables_23906,0
GitTables_139489,20
GitTables_135891,1
GitTables_101094,1
GitTables_69577,4
GitTables_36435,2
GitTables_4066,3
GitTables_184040,0
GitTables_203724,1
GitTables_112018,1
GitTables_123016,10
GitTables_73421,0
GitTables_41885,6
GitTables_90151,8
GitTables_144728,3
GitTables_81009,2
GitTables_147152,3
GitTables_186549,1
GitTables_150993,0
GitTables_124784,10
GitTables_56177,0
GitTables_51057,0
GitTables_170459,0
GitTables_22306,2
GitTables_52544,2
GitTables_150684,1
GitTables_4516,3
GitTables_68350,2
GitTables_16387,9
GitTables_120672,21
GitTables_200457,5
GitTables_187119,0
GitTables_174177,4
GitTables_118028,17
GitTables_156034,0
GitTables_90992,0
GitTables_31987,0
GitTables_8541,0
GitTables_10425,0
GitTables_18244,0
GitTables_15067,7
GitTables_98448,0
GitTables_58634,11
GitTables_20896,2
GitTables_8420,6
GitTables_31260,1
GitTables_113792,5
GitTables_150993,4
GitTables_51567,9
GitTables_135719,1
GitTables_22543,0
GitTables_78834,12
GitTables_112881,0
GitTables_202342,5
GitTables_81953,3
GitTables_31938,1
GitTables_44517,0
GitTables_2030,0
GitTables_99701,9
GitTables_3282,7
GitTables_51405,4
GitTables_32566,1
GitTables_80803,4
GitTables_6223,1
GitTables_148557,7
GitTables_27466,3
GitTables_177319,6
GitTables_175680,13
GitTables_181576,16
GitTables_4650,15
GitTables_113840,1
GitTables_52871,2
GitTables_8317,0
GitTables_197106,0
GitTables_91951,7
GitTables_102592,0
GitTables_134164,9
GitTables_173438,2
GitTables_119908,6
GitTables_14208,12
GitTables_163132,1
GitTables_100909,1
GitTables_61719,1
GitTables_155490,0
GitTables_33529,17
GitTables_177319,29
GitTables_26988,1
GitTables_160082,8
GitTables_75867,0
GitTables_10330,4
GitTables_96819,6
GitTables_32861,5
GitTables_4792,4
GitTables_35215,0
GitTables_174069,7
GitTables_13894,1
GitTables_17979,0
GitTables_184648,4
GitTables_177975,0
GitTables_19384,2
GitTables_8725,0
GitTables_199145,0
GitTables_18748,1
GitTables_5483,33
GitTables_184822,0
GitTables_58870,6
GitTables_192984,4
GitTables_22445,1
GitTables_2078,0
GitTables_4941,0
GitTables_22238,0
GitTables_10137,0
GitTables_180311,5
GitTables_33117,1
GitTables_16188,13
GitTables_43103,0
GitTables_103527,5
GitTables_60043,0
GitTables_62935,4
GitTables_92615,7
GitTables_161058,0
GitTables_23341,1
GitTables_150281,0
GitTables_84384,11
GitTables_86684,0
GitTables_103294,0
GitTables_36171,1
GitTables_27026,2
GitTables_75001,4
GitTables_82455,0
GitTables_155116,0
GitTables_116239,8
GitTables_2433,1
GitTables_156560,22
GitTables_43512,0
GitTables_14636,4
GitTables_69052,0
GitTables_24549,6
GitTables_4650,12
GitTables_6505,17
GitTables_107186,1
GitTables_113254,20
GitTables_53257,0
GitTables_44976,0
GitTables_59530,1
GitTables_5886,3
GitTables_96774,6
GitTables_19811,0
GitTables_8787,1
GitTables_49833,0
GitTables_65609,2
GitTables_75564,6
GitTables_165533,1
GitTables_32691,110
GitTables_249,3
GitTables_110440,0
GitTables_89184,0
GitTables_44897,9
GitTables_29595,0
GitTables_165256,0
GitTables_133398,0
GitTables_165430,9
GitTables_113397,0
GitTables_174861,1
GitTables_59201,0
GitTables_60337,3
GitTables_26150,7
GitTables_20431,3
GitTables_68195,3
GitTables_53511,0
GitTables_12202,9
GitTables_177561,11
GitTables_41738,0
GitTables_166799,1
GitTables_21870,2
GitTables_427,0
GitTables_153175,0
GitTables_25712,13
GitTables_20012,11
GitTables_36231,0
GitTables_20850,0
GitTables_1218,2
GitTables_61005,0
GitTables_37190,0
GitTables_1148,0
GitTables_163124,2
GitTables_22968,8
GitTables_244,0
GitTables_67392,0
GitTables_60540,0
GitTables_61774,0
GitTables_46286,0
GitTables_13509,0
GitTables_153414,0
GitTables_160082,13
GitTables_45967,10
GitTables_36459,4
GitTables_90932,0
GitTables_172402,2
GitTables_149158,0
GitTables_33435,4
GitTables_186948,2
GitTables_898,2
GitTables_138103,3
GitTables_244,5
GitTables_50951,20
GitTables_37904,0
GitTables_177319,5
GitTables_3699,4
GitTables_3615,7
GitTables_75163,5
GitTables_6909,2
GitTables_49990,1
GitTables_38289,5
GitTables_10778,0
GitTables_19445,0
GitTables_69214,8
GitTables_137544,46
GitTables_91951,6
GitTables_5156,9
GitTables_54696,2
GitTables_46160,27
GitTables_150818,9
GitTables_3241,1
GitTables_41249,1
GitTables_181749,5
GitTables_53645,4
GitTables_141879,0
GitTables_174177,2
GitTables_20416,0
GitTables_192660,4
GitTables_177975,5
GitTables_57597,1
GitTables_35460,0
GitTables_112893,0
GitTables_17078,1
GitTables_1433,0
GitTables_35898,1
GitTables_155560,8
GitTables_108937,2
GitTables_63829,3
GitTables_8132,0
GitTables_141523,4
GitTables_130001,3
GitTables_180311,8
GitTables_154381,1
GitTables_91989,2
GitTables_46968,4
GitTables_54034,0
GitTables_7539,0
GitTables_111103,8
GitTables_76276,6
GitTables_123906,0
GitTables_487,1
GitTables_102061,0
GitTables_124869,2
GitTables_93296,6
GitTables_43291,2
GitTables_16984,0
GitTables_117436,4
GitTables_78431,0
GitTables_125129,1
GitTables_123578,1
GitTables_10096,2
GitTables_188708,0
GitTables_146137,1
GitTables_12628,3
GitTables_131336,1
GitTables_4064,3
GitTables_58179,1
GitTables_6339,30
GitTables_11938,26
GitTables_149877,5
GitTables_37059,0
GitTables_110064,0
GitTables_189952,0
GitTables_131172,4
GitTables_67611,2
GitTables_3615,5
GitTables_33263,11
GitTables_91318,11
GitTables_126113,6
GitTables_3606,3
GitTables_152453,3
GitTables_203165,0
GitTables_4737,0
GitTables_76031,93
GitTables_173424,1
GitTables_67869,3
GitTables_29072,0
GitTables_172446,0
GitTables_168185,1
GitTables_24897,0
GitTables_145245,4
GitTables_97150,1
GitTables_48753,0
GitTables_84908,20
GitTables_17275,3
GitTables_117943,17
GitTables_7860,3
GitTables_117375,30
GitTables_2112,5
GitTables_104044,0
GitTables_61319,22
GitTables_148950,3
GitTables_110050,0
GitTables_22430,6
GitTables_124974,7
GitTables_50189,37
GitTables_179503,2
GitTables_148097,0
GitTables_54649,1
GitTables_15459,0
GitTables_8205,4
GitTables_19063,1
GitTables_189659,9
GitTables_120660,14
GitTables_57639,18
GitTables_103527,8
GitTables_145098,3
GitTables_82916,2
GitTables_41481,5
GitTables_10083,20
GitTables_11428,1
GitTables_187354,0
GitTables_130165,5
GitTables_189578,1
GitTables_11415,105
GitTables_198512,9
GitTables_61276,8
GitTables_133325,1
GitTables_46788,12
GitTables_105063,4
GitTables_8725,3
GitTables_29678,1
GitTables_200377,2
GitTables_62107,0
GitTables_20348,5
GitTables_116613,3
GitTables_18863,1
GitTables_6366,0
GitTables_44196,12
GitTables_25433,11
GitTables_144332,0
GitTables_129206,6
GitTables_103517,1
GitTables_96322,5
GitTables_69706,0
GitTables_10303,10
GitTables_133993,2
GitTables_13744,9
GitTables_69683,13
GitTables_72362,1
GitTables_7739,3
GitTables_188708,6
GitTables_5289,0
GitTables_9876,0
GitTables_22332,0
GitTables_54649,4
GitTables_83433,3
GitTables_61576,7
GitTables_117943,14
GitTables_48980,5
GitTables_101118,1
GitTables_166640,23
GitTables_183533,0
GitTables_84779,0
GitTables_43145,2
GitTables_167959,1
GitTables_124861,6
GitTables_4104,4
GitTables_199587,0
GitTables_158298,1
GitTables_9868,6
GitTables_66064,14
GitTables_29211,5
GitTables_99480,0
GitTables_45330,3
GitTables_104558,2
GitTables_5087,0
GitTables_109170,0
GitTables_19668,0
GitTables_181894,0
GitTables_159679,0
GitTables_140156,3
GitTables_150920,1
GitTables_108730,1
GitTables_95982,0
GitTables_114020,4
GitTables_5840,1
GitTables_94944,7
GitTables_8954,6
GitTables_136531,8
GitTables_65700,0
GitTables_2175,3
GitTables_45273,6
GitTables_511,21
GitTables_102390,3
GitTables_187119,3
GitTables_19063,0
GitTables_79668,5
GitTables_148947,2
GitTables_37093,9
GitTables_116249,1
GitTables_710,3
GitTables_77164,0
GitTables_43969,3
GitTables_80119,1
GitTables_161013,1
GitTables_10985,0
GitTables_168969,6
GitTables_158312,2
GitTables_10933,7
GitTables_148265,2
GitTables_5748,1
GitTables_26734,2
GitTables_49272,0
GitTables_24491,1
GitTables_19433,0
GitTables_168969,11
GitTables_51230,7
GitTables_32853,6
GitTables_5410,11
GitTables_8771,2
GitTables_3241,2
GitTables_27302,0
GitTables_36513,5
GitTables_2540,2
GitTables_94268,0
GitTables_27682,9
GitTables_66701,4
GitTables_198179,12
GitTables_45510,1
GitTables_154946,0
GitTables_90985,6
GitTables_167207,1
GitTables_7621,0
GitTables_105234,3
GitTables_34715,18
GitTables_19383,16
GitTables_165610,0
GitTables_22108,0
GitTables_35188,16
GitTables_105367,3
GitTables_27713,0
GitTables_39455,0
GitTables_38814,7
GitTables_12218,9
GitTables_18667,4
GitTables_169,3
GitTables_80089,0
GitTables_23404,13
GitTables_47501,17
GitTables_44305,1
GitTables_60996,0
GitTables_6663,0
GitTables_119,0
GitTables_163537,0
GitTables_94685,0
GitTables_116598,0
GitTables_207016,1
GitTables_82455,1
GitTables_128439,5
GitTables_85920,2
GitTables_7368,10
GitTables_137789,0
GitTables_20552,1
GitTables_151491,0
GitTables_178111,0
GitTables_133795,0
GitTables_176243,1
GitTables_35437,5
GitTables_133795,1
GitTables_72266,5
GitTables_190810,4
GitTables_38953,0
GitTables_32237,12
GitTables_27292,6
GitTables_21025,3
GitTables_55082,0
GitTables_193150,3
GitTables_189484,0
GitTables_95974,10
GitTables_102527,1
GitTables_143487,4
GitTables_149131,6
GitTables_101379,0
GitTables_87081,16
GitTables_6339,41
GitTables_1669,9
GitTables_37300,0
GitTables_55551,2
GitTables_694,24
GitTables_39733,9
GitTables_34394,1
GitTables_22278,8
GitTables_35036,1
GitTables_22365,0
GitTables_3628,7
GitTables_284,0
GitTables_1954,10
GitTables_126113,14
GitTables_74382,0
GitTables_82093,10
GitTables_182734,16
GitTables_119573,0
GitTables_35673,10
GitTables_88712,5
GitTables_109799,1
GitTables_108296,7
GitTables_6165,18
GitTables_74572,1
GitTables_35177,7
GitTables_51586,0
GitTables_12426,0
GitTables_10989,3
GitTables_10770,53
GitTables_25301,3
GitTables_75043,1
GitTables_81639,12
GitTables_14371,0
GitTables_127288,3
GitTables_9863,0
GitTables_64363,8
GitTables_82882,1
GitTables_35598,1
GitTables_30793,0
GitTables_55159,0
GitTables_826,0
GitTables_50606,2
GitTables_41630,5
GitTables_38289,11
GitTables_175680,9
GitTables_55644,1
GitTables_2105,3
GitTables_11619,1
GitTables_630,0
GitTables_164917,0
GitTables_13896,0
GitTables_136439,10
GitTables_4137,0
GitTables_131223,7
GitTables_77351,0
GitTables_115460,4
GitTables_22942,6
GitTables_24980,4
GitTables_26264,0
GitTables_83606,5
GitTables_17790,1
GitTables_112643,2
GitTables_18543,4
GitTables_129428,5
GitTables_157787,0
GitTables_39340,0
GitTables_100893,0
GitTables_23400,4
GitTables_81775,3
GitTables_82672,64
GitTables_2005,3
GitTables_4899,12
GitTables_24662,0
GitTables_182491,5
GitTables_22057,9
GitTables_51516,2
GitTables_10028,1
GitTables_110230,6
GitTables_130372,0
GitTables_19062,0
GitTables_3048,5
GitTables_23887,0
GitTables_185810,2
GitTables_122620,0
GitTables_26056,9
GitTables_66923,6
GitTables_17932,7
GitTables_86814,1
GitTables_72418,1
GitTables_32612,9
GitTables_136325,0
GitTables_169633,1
GitTables_12236,1
GitTables_521,6
GitTables_7332,2
GitTables_13744,43
GitTables_56817,9
GitTables_148821,21
GitTables_553,0
GitTables_120703,1
GitTables_50864,0
GitTables_47830,0
GitTables_79032,6
GitTables_18562,2
GitTables_110561,3
GitTables_65116,0
GitTables_84754,10
GitTables_38626,3
GitTables_193961,6
GitTables_18172,2
GitTables_188621,5
GitTables_11209,2
GitTables_13907,2
GitTables_50650,1
GitTables_161802,1
GitTables_66283,7
GitTables_45287,1
GitTables_5343,1
GitTables_50888,30
GitTables_138491,7
GitTables_89011,0
GitTables_34875,3
GitTables_20550,3
GitTables_16940,0
GitTables_8256,6
GitTables_55689,0
GitTables_36522,0
GitTables_181323,19
GitTables_6203,18
GitTables_24083,5
GitTables_104027,3
GitTables_10724,13
GitTables_68350,0
GitTables_47830,6
GitTables_33845,0
GitTables_36522,11
GitTables_202619,8
GitTables_73599,4
GitTables_67392,4
GitTables_72837,0
GitTables_130405,1
GitTables_135232,1
GitTables_206780,0
GitTables_37659,0
GitTables_21061,0
GitTables_25712,0
GitTables_12165,13
GitTables_109547,0
GitTables_41481,82
GitTables_60786,0
GitTables_72640,0
GitTables_45967,3
GitTables_13477,2
GitTables_112789,24
GitTables_141849,0
GitTables_122861,0
GitTables_62994,5
GitTables_1823,82
GitTables_35030,0
GitTables_147520,7
GitTables_106563,5
GitTables_249,0
GitTables_4576,4
GitTables_96109,1
GitTables_12070,0
GitTables_33509,4
GitTables_4066,7
GitTables_2037,5
GitTables_19946,0
GitTables_25590,1
GitTables_37657,1
GitTables_118478,11
GitTables_6339,48
GitTables_27416,5
GitTables_129928,2
GitTables_137544,47
GitTables_92916,1
GitTables_22942,0
GitTables_18336,7
GitTables_41965,0
GitTables_104400,0
GitTables_157102,3
GitTables_36033,3
GitTables_105030,3
GitTables_116,2
GitTables_30589,3
GitTables_13912,16
GitTables_51057,13
GitTables_1509,11
GitTables_5879,2
GitTables_162596,0
GitTables_6599,0
GitTables_182870,3
GitTables_71321,2
GitTables_17499,3
GitTables_37081,0
GitTables_22993,1
GitTables_142073,4
GitTables_95859,1
GitTables_168772,1
GitTables_140620,0
GitTables_35227,0
GitTables_173314,0
GitTables_13744,7
GitTables_37025,0
GitTables_130647,0
GitTables_30641,0
GitTables_106423,2
GitTables_73531,1
GitTables_115636,2
GitTables_76581,8
GitTables_65807,3
GitTables_194324,5
GitTables_138593,9
GitTables_3909,66
GitTables_49231,11
GitTables_173730,2
GitTables_169274,0
GitTables_19850,4
GitTables_6926,4
GitTables_192867,0
GitTables_15798,0
GitTables_169648,0
GitTables_4737,4
GitTables_100850,6
GitTables_95974,12
GitTables_17153,1
GitTables_193164,2
GitTables_23,8
GitTables_186948,3
GitTables_47024,0
GitTables_114876,4
GitTables_172879,0
GitTables_4745,1
GitTables_4650,13
GitTables_54982,0
GitTables_172707,2
GitTables_194378,0
GitTables_159464,0
GitTables_152733,2
GitTables_128377,0
GitTables_33031,0
GitTables_23031,0
GitTables_58453,0
GitTables_172446,1
GitTables_4243,0
GitTables_184617,3
GitTables_125840,0
GitTables_111036,92
GitTables_25142,0
GitTables_197969,2
GitTables_77262,3
GitTables_11415,106
GitTables_26585,1
GitTables_69426,0
GitTables_181381,2
GitTables_43065,37
GitTables_127154,2
GitTables_70479,1
GitTables_68259,7
GitTables_50509,2
GitTables_136828,45
GitTables_67018,3
GitTables_137964,1
GitTables_96563,11
GitTables_43152,24
GitTables_30605,1
GitTables_65725,1
GitTables_190723,0
GitTables_107898,0
GitTables_57868,0
GitTables_130782,11
GitTables_87560,3
GitTables_80849,3
GitTables_49085,18
GitTables_162569,5
GitTables_17788,1
GitTables_95271,7
GitTables_35092,5
GitTables_117317,7
GitTables_165434,4
GitTables_29073,0
GitTables_179254,9
GitTables_196854,2
GitTables_61276,0
GitTables_15698,0
GitTables_50843,26
GitTables_205139,0
GitTables_58633,1
GitTables_17422,0
GitTables_198293,1
GitTables_153591,1
GitTables_44068,0
GitTables_64245,3
GitTables_20365,0
GitTables_112881,12
GitTables_56008,0
GitTables_28728,9
GitTables_90151,2
GitTables_90736,9
GitTables_200695,16
GitTables_197831,0
GitTables_1453,0
GitTables_2569,4
GitTables_12733,10
GitTables_141849,5
GitTables_147991,2
GitTables_87690,5
GitTables_104052,7
GitTables_114279,0
GitTables_105234,4
GitTables_37779,1
GitTables_180115,0
GitTables_28395,4
GitTables_43327,72
GitTables_186948,0
GitTables_76010,3
GitTables_3628,93
GitTables_155945,0
GitTables_73923,3
GitTables_201605,4
GitTables_79914,3
GitTables_177155,1
GitTables_71888,17
GitTables_43732,4
GitTables_121327,6
GitTables_119899,2
GitTables_67039,0
GitTables_22461,17
GitTables_28498,5
GitTables_186942,2
GitTables_158393,4
GitTables_62852,0
GitTables_159501,0
GitTables_20866,0
GitTables_71692,0
GitTables_23165,8
GitTables_23284,1
GitTables_68966,0
GitTables_109371,0
GitTables_206355,5
GitTables_4421,1
GitTables_59186,1
GitTables_176272,0
GitTables_26108,0
GitTables_169274,1
GitTables_162605,2
GitTables_121387,34
GitTables_4085,0
GitTables_125312,3
GitTables_9815,0
GitTables_2600,0
GitTables_186726,1
GitTables_15866,5
GitTables_174694,0
GitTables_182589,2
GitTables_1136,13
GitTables_10571,5
GitTables_83108,18
GitTables_146667,7
GitTables_58626,1
GitTables_5758,13
GitTables_150818,3
GitTables_13055,1
GitTables_79406,0
GitTables_23204,0
GitTables_34502,0
GitTables_6864,0
GitTables_180115,3
GitTables_213,0
GitTables_153103,0
GitTables_96554,3
GitTables_179566,1
GitTables_105188,6
GitTables_22993,31
GitTables_111472,0
GitTables_6694,0
GitTables_122744,6
GitTables_39690,0
GitTables_53160,1
GitTables_24690,1
GitTables_45768,0
GitTables_192356,13
GitTables_8588,1
GitTables_137653,0
GitTables_168167,9
GitTables_115853,0
GitTables_51567,10
GitTables_58362,0
GitTables_115703,0
GitTables_70268,9
GitTables_4363,5
GitTables_33463,1
GitTables_57,0
GitTables_148947,1
GitTables_15086,21
GitTables_146105,3
GitTables_178642,0
GitTables_132237,1
GitTables_97294,0
GitTables_145911,2
GitTables_73599,6
GitTables_80865,0
GitTables_72362,2
GitTables_27393,4
GitTables_121454,16
GitTables_3137,5
GitTables_39615,9
GitTables_110561,0
GitTables_64708,0
GitTables_114125,0
GitTables_90253,14
GitTables_148397,1
GitTables_157456,3
GitTables_75865,0
GitTables_142067,0
GitTables_127878,3
GitTables_35763,0
GitTables_21342,7
GitTables_78157,0
GitTables_107386,2
GitTables_34999,7
GitTables_79668,11
GitTables_201075,1
GitTables_3231,4
GitTables_14383,1
GitTables_165286,11
GitTables_36522,21
GitTables_147691,14
GitTables_91128,2
GitTables_29353,0
GitTables_58626,4
GitTables_29224,2
GitTables_30420,11
GitTables_15698,1
GitTables_169032,3
GitTables_1487,10
GitTables_24037,0
GitTables_146631,1
GitTables_44305,0
GitTables_23715,5
GitTables_28120,1
GitTables_12384,0
GitTables_15896,4
GitTables_189952,26
GitTables_84070,0
GitTables_9367,1
GitTables_1730,5
GitTables_118637,28
GitTables_108767,2
GitTables_20699,0
GitTables_138042,0
GitTables_50951,8
GitTables_2141,3
GitTables_92584,1
GitTables_166640,2
GitTables_121327,2
GitTables_30229,2
GitTables_8026,9
GitTables_150818,10
GitTables_179410,0
GitTables_203083,2
GitTables_49549,6
GitTables_14681,3
GitTables_12891,7
GitTables_150718,2
GitTables_41556,1
GitTables_91990,6
GitTables_201315,17
GitTables_5548,3
GitTables_25930,0
GitTables_192097,2
GitTables_43512,1
GitTables_181737,0
GitTables_9242,10
GitTables_126834,0
GitTables_112820,3
GitTables_198032,7
GitTables_168398,1
GitTables_113182,0
GitTables_86067,7
GitTables_102178,0
GitTables_76873,6
GitTables_128533,6
GitTables_3976,30
GitTables_86549,0
GitTables_709,11
GitTables_54069,7
GitTables_17589,18
GitTables_53645,0
GitTables_149567,2
GitTables_109887,1
GitTables_6505,1
GitTables_60005,0
GitTables_35289,0
GitTables_188614,0
GitTables_117686,0
GitTables_27998,35
GitTables_117226,20
GitTables_42903,0
GitTables_162926,3
GitTables_69895,0
GitTables_57366,1
GitTables_83633,2
GitTables_10303,22
GitTables_148821,12
GitTables_12922,0
GitTables_138103,0
GitTables_172906,6
GitTables_44942,7
GitTables_101873,48
GitTables_137664,1
GitTables_80416,4
GitTables_77465,38
GitTables_97375,1
GitTables_19644,18
GitTables_112153,0
GitTables_5758,6
GitTables_134471,2
GitTables_146855,0
GitTables_15086,20
GitTables_85578,8
GitTables_710,2
GitTables_119544,3
GitTables_144564,4
GitTables_97221,0
GitTables_127854,3
GitTables_84174,7
GitTables_46726,3
GitTables_94118,1
GitTables_95982,1
GitTables_35739,21
GitTables_138307,0
GitTables_13722,0
GitTables_7211,9
GitTables_68133,0
GitTables_71163,0
GitTables_39435,19
GitTables_96815,12
GitTables_194923,0
GitTables_130810,0
GitTables_141920,0
GitTables_136531,1
GitTables_117943,16
GitTables_9264,2
GitTables_197710,0
GitTables_58978,0
GitTables_171217,0
GitTables_177769,0
GitTables_140427,0
GitTables_49808,5
GitTables_15086,0
GitTables_145550,6
GitTables_131416,1
GitTables_136930,0
GitTables_67829,0
GitTables_10350,8
GitTables_27233,4
GitTables_36343,1
GitTables_142532,8
GitTables_52925,3
GitTables_131546,68
GitTables_157787,2
GitTables_46968,0
GitTables_137544,49
GitTables_51003,11
GitTables_70219,0
GitTables_4402,17
GitTables_74309,1
GitTables_36425,0
GitTables_23887,1
GitTables_80473,9
GitTables_42585,2
GitTables_155538,10
GitTables_18478,1
GitTables_34984,4
GitTables_167207,0
GitTables_81639,1
GitTables_108296,1
GitTables_118068,1
GitTables_76067,1
GitTables_27145,10
GitTables_145245,2
GitTables_200033,8
GitTables_137763,0
GitTables_45100,17
GitTables_102873,7
GitTables_104567,0
GitTables_123027,0
GitTables_198104,4
GitTables_149080,6
GitTables_84984,0
GitTables_16198,15
GitTables_81550,20
GitTables_2235,0
GitTables_112510,0
GitTables_19853,0
GitTables_33031,1
GitTables_82610,0
GitTables_152733,0
GitTables_109697,3
GitTables_9614,0
GitTables_28164,0
GitTables_78858,1
GitTables_125071,1
GitTables_31616,10
GitTables_192464,0
GitTables_76970,6
GitTables_15097,4
GitTables_1118,0
GitTables_88789,1
GitTables_137544,2
GitTables_92468,1
GitTables_36973,31
GitTables_73612,0
GitTables_16299,2
GitTables_9815,2
GitTables_43065,4
GitTables_49840,4
GitTables_9983,10
GitTables_70691,10
GitTables_378,0
GitTables_50147,9
GitTables_19923,4
GitTables_86452,7
GitTables_116394,4
GitTables_21321,9
GitTables_143483,9
GitTables_104821,0
GitTables_168023,1
GitTables_159904,14
GitTables_17,0
GitTables_27336,0
GitTables_138479,3
GitTables_11353,0
GitTables_107873,4
GitTables_95889,0
GitTables_85186,12
GitTables_99836,11
GitTables_116763,96
GitTables_130452,0
GitTables_13055,0
GitTables_27350,6
GitTables_151555,2
GitTables_16435,7
GitTables_17499,6
GitTables_30675,2
GitTables_37149,11
GitTables_18863,6
GitTables_69575,0
GitTables_108296,0
GitTables_138155,2
GitTables_56817,0
GitTables_73560,1
GitTables_103014,5
GitTables_49879,5
GitTables_146310,7
GitTables_10105,1
GitTables_175680,11
GitTables_13693,1
GitTables_24997,44
GitTables_156721,19
GitTables_20162,4
GitTables_36346,10
GitTables_12647,0
GitTables_63734,1
GitTables_176845,4
GitTables_43436,0
GitTables_138316,8
GitTables_187489,4
GitTables_73439,0
GitTables_2756,4
GitTables_5289,1
GitTables_32520,12
GitTables_12979,0
GitTables_93703,0
GitTables_139120,33
GitTables_72322,0
GitTables_142146,1
GitTables_111036,5
GitTables_95889,1
GitTables_39884,3
GitTables_158073,0
GitTables_182033,7
GitTables_177207,4
GitTables_199691,0
GitTables_192464,8
GitTables_9736,0
GitTables_130797,8
GitTables_105090,0
GitTables_17932,0
GitTables_8588,5
GitTables_14594,12
GitTables_34715,6
GitTables_160082,1
GitTables_65995,3
GitTables_71795,20
GitTables_731,7
GitTables_82094,0
GitTables_27311,1
GitTables_52520,2
GitTables_203165,1
GitTables_11369,60
GitTables_7739,8
GitTables_8929,8
GitTables_198951,0
GitTables_11300,4
GitTables_49430,7
GitTables_81009,4
GitTables_76135,36
GitTables_13907,0
GitTables_58675,6
GitTables_8671,2
GitTables_57242,0
GitTables_20358,3
GitTables_77664,0
GitTables_4382,3
GitTables_95463,0
GitTables_63924,6
GitTables_122739,0
GitTables_147681,1
GitTables_75106,1
GitTables_39395,2
GitTables_172457,5
GitTables_19782,3
GitTables_148712,9
GitTables_61808,2
GitTables_86185,2
GitTables_193523,0
GitTables_138593,10
GitTables_72443,0
GitTables_116484,0
GitTables_24924,6
GitTables_26495,0
GitTables_78239,0
GitTables_28931,13
GitTables_28917,0
GitTables_87819,0
GitTables_5410,34
GitTables_19043,2
GitTables_60853,0
GitTables_7755,0
GitTables_173555,0
GitTables_327,19
GitTables_112153,3
GitTables_46019,0
GitTables_148947,10
GitTables_38133,3
GitTables_57597,0
GitTables_20367,0
GitTables_11728,6
GitTables_55684,0
GitTables_88789,0
GitTables_204403,8
GitTables_120660,15
GitTables_119353,0
GitTables_154700,0
GitTables_96589,5
GitTables_49788,15
GitTables_83290,1
GitTables_40336,0
GitTables_38806,0
GitTables_3516,4
GitTables_14926,3
GitTables_144514,6
GitTables_72200,6
GitTables_63324,0
GitTables_159060,0
GitTables_182166,4
GitTables_102357,5
GitTables_39884,0
GitTables_87106,0
GitTables_199236,8
GitTables_120737,5
GitTables_181894,1
GitTables_8486,2
GitTables_22135,1
GitTables_199587,6
GitTables_142526,0
GitTables_12654,0
GitTables_18478,3
GitTables_75867,7
GitTables_106823,6
GitTables_45194,0
GitTables_205139,4
GitTables_130151,8
GitTables_473,0
GitTables_15086,10
GitTables_43065,10
GitTables_84874,0
GitTables_44423,0
GitTables_8252,2
GitTables_57714,6
GitTables_127288,15
GitTables_116822,8
GitTables_119744,4
GitTables_161802,0
GitTables_31144,1
GitTables_86452,2
GitTables_767,1
GitTables_144514,81
GitTables_32473,0
GitTables_174342,6
GitTables_190723,1
GitTables_3157,5
GitTables_81398,1
GitTables_28302,0
GitTables_11149,14
GitTables_67024,2
GitTables_154946,7
GitTables_898,0
GitTables_39191,8
GitTables_29964,0
GitTables_25408,16
GitTables_16615,57
GitTables_36544,0
GitTables_67334,1
GitTables_3048,6
GitTables_29038,31
GitTables_10571,1
GitTables_16530,3
GitTables_7793,7
GitTables_2569,3
GitTables_100658,7
GitTables_83746,0
GitTables_198951,3
GitTables_168634,8
GitTables_89236,0
GitTables_22135,6
GitTables_33800,10
GitTables_766,0
GitTables_10028,0
GitTables_21133,3
GitTables_194378,1
GitTables_67018,0
GitTables_5665,9
GitTables_123854,2
GitTables_156420,7
GitTables_119160,4
GitTables_15577,2
GitTables_44895,4
GitTables_11304,4
GitTables_24390,5
GitTables_120422,1
GitTables_67939,0
GitTables_124828,1
GitTables_8710,0
GitTables_173853,2
GitTables_30920,4
GitTables_98795,8
GitTables_41885,14
GitTables_85920,1
GitTables_25145,0
GitTables_67018,8
GitTables_200776,0
GitTables_9583,0
GitTables_23204,4
GitTables_11236,22
GitTables_203152,14
GitTables_171816,7
GitTables_79191,0
GitTables_20787,2
GitTables_44864,1
GitTables_83729,0
GitTables_6401,2
GitTables_31814,5
GitTables_157793,0
GitTables_5378,7
GitTables_78495,35
GitTables_155310,8
GitTables_71939,0
GitTables_56253,1
GitTables_55825,0
GitTables_197172,4
GitTables_48013,0
GitTables_124689,10
GitTables_70408,1
GitTables_190091,0
GitTables_36175,2
GitTables_119653,2
GitTables_117510,3
GitTables_70268,10
GitTables_164917,2
GitTables_16615,52
GitTables_146447,2
GitTables_3697,1
GitTables_113814,0
GitTables_24437,4
GitTables_174556,1
GitTables_124369,0
GitTables_118421,4
GitTables_189952,3
GitTables_136930,2
GitTables_148107,0
GitTables_99701,0
GitTables_141025,1
GitTables_7211,13
GitTables_59821,5
GitTables_67428,3
GitTables_91365,6
GitTables_73214,0
GitTables_71521,6
GitTables_156264,0
GitTables_4571,5
GitTables_62362,4
GitTables_133762,0
GitTables_130647,11
GitTables_4085,1
GitTables_105234,0
GitTables_41220,3
GitTables_175288,5
GitTables_3553,1
GitTables_2756,7
GitTables_159130,5
GitTables_377,0
GitTables_4576,2
GitTables_118421,3
GitTables_156420,6
GitTables_85298,8
GitTables_54493,0
GitTables_58537,0
GitTables_113623,1
GitTables_8946,0
GitTables_49833,9
GitTables_186549,6
GitTables_13615,2
GitTables_200377,1
GitTables_118068,0
GitTables_8130,7
GitTables_128547,1
GitTables_3687,16
GitTables_74465,2
GitTables_67334,3
GitTables_204311,4
GitTables_44812,3
GitTables_33421,12
GitTables_7211,6
GitTables_156228,3
GitTables_185279,4
GitTables_11369,144
GitTables_62221,6
GitTables_31814,0
GitTables_63924,5
GitTables_103137,3
GitTables_190995,3
GitTables_87150,1
GitTables_49586,0
GitTables_55083,17
GitTables_94118,2
GitTables_3214,6
GitTables_39198,1
GitTables_106051,0
GitTables_62993,0
GitTables_988,4
GitTables_17011,4
GitTables_831,5
GitTables_50189,20
GitTables_60926,0
GitTables_14275,0
GitTables_169743,0
GitTables_1074,2
GitTables_163297,2
GitTables_187709,0
GitTables_651,0
GitTables_41548,7
GitTables_22137,1
GitTables_3719,0
GitTables_364,15
GitTables_149816,0
GitTables_76148,0
GitTables_53754,4
GitTables_20162,3
GitTables_87895,1
GitTables_3233,2
GitTables_319,0
GitTables_18172,5
GitTables_17788,4
GitTables_10724,12
GitTables_123343,2
GitTables_6450,11
GitTables_160273,1
GitTables_164093,3
GitTables_18562,0
GitTables_35460,4
GitTables_13080,1
GitTables_74484,1
GitTables_186808,1
GitTables_13491,5
GitTables_45859,6
GitTables_85665,0
GitTables_150732,3
GitTables_98448,1
GitTables_16386,1
GitTables_205611,5
GitTables_35222,6
GitTables_115639,0
GitTables_15736,2
GitTables_36043,2
GitTables_148213,4
GitTables_98729,1
GitTables_50237,23
GitTables_128967,4
GitTables_118637,33
GitTables_158107,1
GitTables_41486,1
GitTables_24791,9
GitTables_167329,0
GitTables_41556,0
GitTables_113286,1
GitTables_24032,1
GitTables_114279,2
GitTables_165713,0
GitTables_866,2
GitTables_75106,3
GitTables_75163,19
GitTables_127566,1
GitTables_1444,4
GitTables_154480,0
GitTables_13884,16
GitTables_142842,3
GitTables_96235,1
GitTables_159257,5
GitTables_10752,17
GitTables_33221,7
GitTables_63168,0
GitTables_128138,0
GitTables_23698,2
GitTables_90257,0
GitTables_23585,3
GitTables_104637,0
GitTables_60363,0
GitTables_63168,3
GitTables_69681,2
GitTables_32922,2
GitTables_6,1
GitTables_3687,4
GitTables_110280,2
GitTables_11344,2
GitTables_37168,4
GitTables_87889,0
GitTables_124271,0
GitTables_91442,0
GitTables_164917,4
GitTables_42805,1
GitTables_153121,2
GitTables_100197,11
GitTables_98327,0
GitTables_50888,8
GitTables_102364,0
GitTables_206090,34
GitTables_41220,0
GitTables_3668,54
GitTables_65637,3
GitTables_18178,0
GitTables_20431,9
GitTables_40860,6
GitTables_135719,3
GitTables_46968,9
GitTables_55073,16
GitTables_33219,2
GitTables_43609,0
GitTables_153405,1
GitTables_79668,10
GitTables_62421,14
GitTables_7143,0
GitTables_95434,3
GitTables_185166,16
GitTables_10734,1
GitTables_26026,5
GitTables_72460,1
GitTables_14208,1
GitTables_117103,10
GitTables_2071,3
GitTables_84392,4
GitTables_177769,3
GitTables_19946,3
GitTables_8212,7
GitTables_186152,1
GitTables_205667,3
GitTables_3046,2
GitTables_49022,1
GitTables_189578,2
GitTables_455,12
GitTables_146207,1
GitTables_27451,0
GitTables_6450,0
GitTables_181576,4
GitTables_7422,4
GitTables_72418,14
GitTables_45054,6
GitTables_80135,1
GitTables_65058,3
GitTables_1505,7
GitTables_173564,0
GitTables_132654,0
GitTables_87104,0
GitTables_87150,0
GitTables_3670,0
GitTables_185800,13
GitTables_95045,5
GitTables_230,0
GitTables_20866,1
GitTables_73214,4
GitTables_1176,1
GitTables_16530,5
GitTables_41293,0
GitTables_53702,0
GitTables_107128,22
GitTables_122540,0
GitTables_122634,7
GitTables_41263,0
GitTables_16607,0
GitTables_65286,2
GitTables_36215,30
GitTables_198613,0
GitTables_192099,4
GitTables_39738,0
GitTables_113437,3
GitTables_92089,0
GitTables_10201,0
GitTables_109383,0
GitTables_39283,5
GitTables_151904,0
GitTables_55924,1
GitTables_19336,2
GitTables_38,6
GitTables_31073,0
GitTables_22461,18
GitTables_96815,0
GitTables_166803,5
GitTables_64036,11
GitTables_3315,0
GitTables_58486,0
GitTables_62994,0
GitTables_167306,0
GitTables_8130,3
GitTables_95158,1
GitTables_121049,7
GitTables_183040,1
GitTables_127797,10
GitTables_205520,2
GitTables_158593,0
GitTables_129206,0
GitTables_57639,17
GitTables_172670,2
GitTables_5410,9
GitTables_6131,0
GitTables_137151,23
GitTables_114293,2
GitTables_137151,8
GitTables_10985,1
GitTables_185264,1
GitTables_91990,0
GitTables_124369,2
GitTables_178564,0
GitTables_120513,3
GitTables_21186,7
GitTables_78405,12
GitTables_83594,1
GitTables_40632,2
GitTables_86452,23
GitTables_135388,14
GitTables_26927,8
GitTables_44527,30
GitTables_206090,0
GitTables_72828,4
GitTables_71394,2
GitTables_197744,0
GitTables_10270,0
GitTables_46317,5
GitTables_44709,1
GitTables_57916,4
GitTables_146814,2
GitTables_36841,7
GitTables_141610,3
GitTables_13,0
GitTables_26150,1
GitTables_198104,8
GitTables_113174,11
GitTables_108959,13
GitTables_65286,1
GitTables_101873,35
GitTables_187063,4
GitTables_113623,4
GitTables_87698,0
GitTables_202322,0
GitTables_175431,0
GitTables_178180,3
GitTables_101619,0
GitTables_2022,0
GitTables_41626,3
GitTables_70322,0
GitTables_184383,7
GitTables_37300,1
GitTables_13952,0
GitTables_48291,2
GitTables_51865,1
GitTables_185168,21
GitTables_54128,0
GitTables_29072,1
GitTables_1488,1
GitTables_72443,2
GitTables_159449,3
GitTables_757,0
GitTables_140703,2
GitTables_131499,3
GitTables_65456,1
GitTables_165434,3
GitTables_153271,2
GitTables_18262,0
GitTables_4996,2
GitTables_167613,0
GitTables_90524,2
GitTables_162330,0
GitTables_85458,0
GitTables_3422,1
GitTables_180449,3
GitTables_23456,11
GitTables_157326,2
GitTables_19165,14
GitTables_40724,16
GitTables_190810,0
GitTables_12583,5
GitTables_44155,0
GitTables_16457,15
GitTables_181323,20
GitTables_109316,0
GitTables_32532,1
GitTables_191171,3
GitTables_103586,17
GitTables_9722,16
GitTables_95262,38
GitTables_14681,2
GitTables_112070,2
GitTables_148608,2
GitTables_37657,2
GitTables_130004,0
GitTables_21332,7
GitTables_12281,1
GitTables_9856,0
GitTables_68130,4
GitTables_11563,0
GitTables_24709,0
GitTables_8285,3
GitTables_29236,1
GitTables_28530,0
GitTables_36629,35
GitTables_165560,6
GitTables_135388,12
GitTables_201605,8
GitTables_74572,2
GitTables_95994,22
GitTables_102815,2
GitTables_47830,2
GitTables_108424,2
GitTables_10239,4
GitTables_51425,2
GitTables_197351,6
GitTables_73039,6
GitTables_165533,0
GitTables_127797,20
GitTables_12599,4
GitTables_171588,1
GitTables_6694,2
GitTables_1176,2
GitTables_23402,0
GitTables_23734,3
GitTables_122350,1
GitTables_73923,10
GitTables_109216,2
GitTables_66619,0
GitTables_188892,9
GitTables_908,0
GitTables_188792,0
GitTables_138718,1
GitTables_47802,0
GitTables_60578,1
GitTables_132214,0
GitTables_8290,0
GitTables_49263,0
GitTables_50079,0
GitTables_12412,4
GitTables_95625,0
GitTables_46767,22
GitTables_39509,2
GitTables_206174,1
GitTables_9449,0
GitTables_164917,1
GitTables_178507,7
GitTables_52520,1
GitTables_27350,1
GitTables_119245,1
GitTables_107898,1
GitTables_26927,0
GitTables_596,4
GitTables_37304,21
GitTables_53882,0
GitTables_32191,0
GitTables_60759,1
GitTables_43327,2
GitTables_457,3
GitTables_37784,1
GitTables_20636,11
GitTables_52965,3
GitTables_107934,2
GitTables_9364,4
GitTables_23402,4
GitTables_117371,2
GitTables_203841,1
GitTables_29600,6
GitTables_91622,0
GitTables_23617,5
GitTables_12970,8
GitTables_7105,4
GitTables_153524,1
GitTables_77888,8
GitTables_37487,3
GitTables_7226,1
GitTables_137346,7
GitTables_36191,5
GitTables_454,2
GitTables_95035,0
GitTables_205299,0
GitTables_148821,23
GitTables_65228,4
GitTables_167562,10
GitTables_19369,3
GitTables_97351,3
GitTables_38459,7
GitTables_29745,7
GitTables_4356,0
GitTables_13633,2
GitTables_149998,2
GitTables_75890,2
GitTables_15768,4
GitTables_21810,0
GitTables_114634,4
GitTables_105501,4
GitTables_118652,1
GitTables_29567,0
GitTables_75163,13
GitTables_66498,4
GitTables_10330,2
GitTables_184678,1
GitTables_25432,1
GitTables_43732,0
GitTables_7431,1
GitTables_49808,4
GitTables_15642,1
GitTables_125071,11
GitTables_122256,1
GitTables_90253,15
GitTables_39615,2
GitTables_36387,0
GitTables_28228,2
GitTables_161013,9
GitTables_7739,7
GitTables_5104,4
GitTables_44990,17
GitTables_43482,11
GitTables_164606,1
GitTables_20550,0
GitTables_96815,48
GitTables_120300,3
GitTables_197969,3
GitTables_13952,2
GitTables_5247,9
GitTables_56203,0
GitTables_133594,0
GitTables_7093,2
GitTables_192984,6
GitTables_988,2
GitTables_132715,0
GitTables_105018,0
GitTables_102871,0
GitTables_51865,3
GitTables_364,0
GitTables_21802,10
GitTables_203520,1
GitTables_199587,4
GitTables_59258,2
GitTables_146631,0
GitTables_3153,0
GitTables_169032,1
GitTables_7717,2
GitTables_14594,11
GitTables_21968,0
GitTables_177066,0
GitTables_93703,5
GitTables_104,9
GitTables_18905,1
GitTables_175756,3
GitTables_65515,0
GitTables_39435,20
GitTables_39732,2
GitTables_129206,1
GitTables_30589,2
GitTables_21911,0
GitTables_182734,11
GitTables_5758,11
GitTables_100325,0
GitTables_49597,6
GitTables_10105,0
GitTables_84610,0
GitTables_140156,0
GitTables_153693,17
GitTables_8689,3
GitTables_21802,0
GitTables_101556,15
GitTables_19853,5
GitTables_3673,13
GitTables_197392,0
GitTables_147174,15
GitTables_114327,1
GitTables_50156,0
GitTables_83108,2
GitTables_58515,1
GitTables_17011,5
GitTables_137346,10
GitTables_6893,0
GitTables_16531,4
GitTables_4114,0
GitTables_19684,0
GitTables_112238,1
GitTables_117358,1
GitTables_70718,0
GitTables_40860,4
GitTables_91143,1
GitTables_26585,0
GitTables_36520,3
GitTables_49171,3
GitTables_120785,4
GitTables_22699,3
GitTables_155914,0
GitTables_164468,9
GitTables_110371,2
GitTables_36991,4
GitTables_13516,0
GitTables_7136,2
GitTables_30209,0
GitTables_64434,2
GitTables_82287,13
GitTables_53873,3
GitTables_137664,0
GitTables_3590,11
GitTables_10303,6
GitTables_137544,5
GitTables_24791,6
GitTables_17153,2
GitTables_11795,9
GitTables_60759,7
GitTables_170254,2
GitTables_62937,29
GitTables_80275,2
GitTables_69648,1
GitTables_169960,4
GitTables_128195,2
GitTables_20387,40
GitTables_35608,0
GitTables_116445,1
GitTables_118601,0
GitTables_196615,1
GitTables_130005,5
GitTables_36696,3
GitTables_122803,5
GitTables_135263,1
GitTables_138725,0
GitTables_33263,9
GitTables_63138,0
GitTables_59258,8
GitTables_142073,1
GitTables_80256,33
GitTables_103646,0
GitTables_122122,9
GitTables_145394,0
GitTables_75867,8
GitTables_128558,0
GitTables_23325,2
GitTables_14292,0
GitTables_184293,3
GitTables_41481,84
GitTables_128553,3
GitTables_74763,4
GitTables_3139,23
GitTables_102901,0
GitTables_63180,0
GitTables_1081,0
GitTables_119603,0
GitTables_149861,6
GitTables_110693,4
GitTables_20472,1
GitTables_30675,1
GitTables_15569,5
GitTables_58634,21
GitTables_165316,1
GitTables_797,1
GitTables_10330,0
GitTables_125732,9
GitTables_200728,6
GitTables_120920,7
GitTables_74763,17
GitTables_161515,1
GitTables_175288,8
GitTables_104457,4
GitTables_87295,1
GitTables_74382,1
GitTables_18860,0
GitTables_48013,2
GitTables_43315,1
GitTables_122803,1
GitTables_28619,1
GitTables_112946,0
GitTables_206904,6
GitTables_44564,7
GitTables_144342,0
GitTables_9557,1
GitTables_157486,10
GitTables_200074,1
GitTables_55467,0
GitTables_140354,0
GitTables_23610,0
GitTables_27998,34
GitTables_113211,0
GitTables_59530,0
GitTables_16268,4
GitTables_142892,6
GitTables_6742,4
GitTables_78587,9
GitTables_8470,1
GitTables_132214,1
GitTables_172114,0
GitTables_26414,5
GitTables_169040,1
GitTables_45278,0
GitTables_14701,0
GitTables_49145,2
GitTables_10778,1
GitTables_150737,0
GitTables_110581,16
GitTables_26171,0
GitTables_107411,5
GitTables_69085,7
GitTables_68463,3
GitTables_120904,12
GitTables_201572,0
GitTables_46867,2
GitTables_170709,11
GitTables_33659,1
GitTables_16414,3
GitTables_138491,9
GitTables_61553,1
GitTables_22566,0
GitTables_44736,2
GitTables_60702,1
GitTables_35738,0
GitTables_55924,0
GitTables_110538,0
GitTables_170857,0
GitTables_605,18
GitTables_36536,1
GitTables_35739,7
GitTables_6132,0
GitTables_91646,3
GitTables_184648,7
GitTables_80376,0
GitTables_41441,1
GitTables_125699,0
GitTables_200424,7
GitTables_93106,2
GitTables_200977,1
GitTables_3668,45
GitTables_7177,6
GitTables_37646,0
GitTables_188621,10
GitTables_32658,20
GitTables_183820,0
GitTables_113437,1
GitTables_155041,3
GitTables_148587,0
GitTables_694,3
GitTables_124907,1
GitTables_137138,0
GitTables_147174,6
GitTables_2774,3
GitTables_121108,0
GitTables_12899,0
GitTables_44022,2
GitTables_86107,0
GitTables_7273,16
GitTables_123688,7
GitTables_159976,0
GitTables_116005,0
GitTables_114079,1
GitTables_108108,1
GitTables_62802,5
GitTables_36011,2
GitTables_123688,6
GitTables_70344,7
GitTables_199955,0
GitTables_123129,0
GitTables_27685,2
GitTables_164077,12
GitTables_114012,8
GitTables_14529,1
GitTables_133269,5
GitTables_39192,0
GitTables_101873,3
GitTables_69573,14
GitTables_34338,0
GitTables_109151,8
GitTables_168634,0
GitTables_166829,6
GitTables_21171,11
GitTables_20162,2
GitTables_77504,23
GitTables_2141,6
GitTables_56011,1
GitTables_83290,0
GitTables_70484,1
GitTables_2175,2
GitTables_40076,2
GitTables_104558,1
GitTables_254,0
GitTables_7143,8
GitTables_35150,6
GitTables_95116,9
GitTables_76031,39
GitTables_201605,5
GitTables_32604,1
GitTables_120,1
GitTables_95737,0
GitTables_193961,10
GitTables_4756,13
GitTables_67492,5
GitTables_137865,2
GitTables_132569,22
GitTables_132842,1
GitTables_58978,2
GitTables_81808,4
GitTables_188457,10
GitTables_23456,7
GitTables_21047,0
GitTables_61576,8
GitTables_144888,0
GitTables_153405,7
GitTables_89584,2
GitTables_1404,6
GitTables_157833,6
GitTables_67428,0
GitTables_195896,4
GitTables_187639,3
GitTables_13153,1
GitTables_10050,7
GitTables_201971,10
GitTables_125765,1
GitTables_69941,2
GitTables_74992,0
GitTables_103021,8
GitTables_57916,2
GitTables_204601,0
GitTables_124341,9
GitTables_72837,7
GitTables_20345,0
GitTables_37779,0
GitTables_154641,4
GitTables_43065,75
GitTables_197351,16
GitTables_2954,2
GitTables_130309,0
GitTables_25873,73
GitTables_117063,18
GitTables_174177,8
GitTables_127878,0
GitTables_136615,1
GitTables_195626,7
GitTables_37899,0
GitTables_52682,10
GitTables_198934,2
GitTables_163275,7
GitTables_120416,0
GitTables_165523,1
GitTables_157326,1
GitTables_8428,1
GitTables_97385,0
GitTables_129053,17
GitTables_99212,2
GitTables_58065,0
GitTables_132097,2
GitTables_36011,0
GitTables_1329,0
GitTables_112893,1
GitTables_150529,4
GitTables_187,13
GitTables_79032,7
GitTables_78614,2
GitTables_149281,0
GitTables_115460,6
GitTables_35101,0
GitTables_98580,0
GitTables_19063,3
GitTables_172906,9
GitTables_128678,0
GitTables_152453,0
GitTables_101556,8
GitTables_133117,0
GitTables_19625,0
GitTables_111523,0
GitTables_78587,3
GitTables_322,0
GitTables_17492,1
GitTables_38781,15
GitTables_206871,6
GitTables_28164,5
GitTables_64448,6
GitTables_28895,0
GitTables_81352,6
GitTables_28595,2
GitTables_110839,8
GitTables_31808,1
GitTables_74463,0
GitTables_819,0
GitTables_79406,1
GitTables_27662,1
GitTables_3959,0
GitTables_150132,2
GitTables_32519,1
GitTables_51237,3
GitTables_37149,16
GitTables_4984,0
GitTables_16948,0
GitTables_14634,0
GitTables_6339,61
GitTables_27668,11
GitTables_19904,0
GitTables_1951,7
GitTables_15191,1
GitTables_132815,1
GitTables_82551,0
GitTables_79865,0
GitTables_31928,0
GitTables_96268,1
GitTables_90467,0
GitTables_161013,5
GitTables_5698,1
GitTables_11379,3
GitTables_69646,0
GitTables_75803,0
GitTables_63734,2
GitTables_144585,1
GitTables_51735,4
GitTables_18478,2
GitTables_30502,11
GitTables_157673,3
GitTables_6878,5
GitTables_122600,12
GitTables_80399,4
GitTables_177319,18
GitTables_18264,3
GitTables_186290,1
GitTables_42454,35
GitTables_12878,4
GitTables_6203,51
GitTables_30793,6
GitTables_110230,1
GitTables_63829,2
GitTables_95875,21
GitTables_195953,2
GitTables_12357,0
GitTables_113174,0
GitTables_2704,66
GitTables_13894,0
GitTables_29481,0
GitTables_14701,5
GitTables_61689,0
GitTables_143508,16
GitTables_110440,8
GitTables_22461,11
GitTables_42805,0
GitTables_115087,0
GitTables_75495,4
GitTables_356,5
GitTables_170048,6
GitTables_13,1
GitTables_50229,6
GitTables_62679,0
GitTables_35647,43
GitTables_186488,0
GitTables_35958,0
GitTables_55625,0
GitTables_192087,7
GitTables_6405,22
GitTables_176814,4
GitTables_62852,2
GitTables_106765,3
GitTables_332,0
GitTables_189578,0
GitTables_109887,0
GitTables_40860,2
GitTables_125574,3
GitTables_136703,0
GitTables_3553,7
GitTables_797,0
GitTables_63889,0
GitTables_10239,3
GitTables_54557,0
GitTables_262,5
GitTables_37427,2
GitTables_69426,8
GitTables_11781,1
GitTables_126566,6
GitTables_68966,4
GitTables_62937,28
GitTables_20859,0
GitTables_117301,0
GitTables_176522,5
GitTables_165286,34
GitTables_97150,2
GitTables_192006,8
GitTables_124046,11
GitTables_28390,12
GitTables_23683,1
GitTables_68269,0
GitTables_70088,4
GitTables_88761,1
GitTables_105232,0
GitTables_142806,3
GitTables_57253,0
GitTables_49430,6
GitTables_53999,5
GitTables_166632,0
GitTables_1416,2
GitTables_136930,3
GitTables_166427,0
GitTables_124927,0
GitTables_153683,5
GitTables_158130,3
GitTables_137561,5
GitTables_77288,1
GitTables_90467,1
GitTables_201971,4
GitTables_28148,5
GitTables_174237,2
GitTables_178484,2
GitTables_8824,3
GitTables_138316,5
GitTables_78908,1
GitTables_113714,2
GitTables_87569,11
GitTables_132882,0
GitTables_37168,6
GitTables_70138,11
GitTables_126544,0
GitTables_84754,8
GitTables_11427,1
GitTables_32591,0
GitTables_50195,6
GitTables_104052,6
GitTables_159679,2
GitTables_90197,14
GitTables_4009,10
GitTables_46912,0
GitTables_109371,1
GitTables_2678,0
GitTables_137889,1
GitTables_46745,2
GitTables_168948,5
GitTables_10295,11
GitTables_117717,0
GitTables_13287,5
GitTables_179095,0
GitTables_58454,0
GitTables_137069,0
GitTables_125765,4
GitTables_4104,8
GitTables_11427,8
GitTables_22095,1
GitTables_39738,2
GitTables_94859,0
GitTables_40658,0
GitTables_44155,1
GitTables_356,1
GitTables_15550,0
GitTables_142539,0
GitTables_120201,9
GitTables_30723,36
GitTables_34714,0
GitTables_193475,0
GitTables_51466,1
GitTables_16386,6
GitTables_11209,0
GitTables_69,3
GitTables_67869,7
GitTables_203895,0
GitTables_98795,4
GitTables_117618,2
GitTables_49033,1
GitTables_517,1
GitTables_150993,3
GitTables_68486,12
GitTables_38829,0
GitTables_22699,0
GitTables_57214,22
GitTables_42153,0
GitTables_127667,2
GitTables_61664,19
GitTables_58515,0
GitTables_183988,9
GitTables_10177,0
GitTables_124828,5
GitTables_169040,2
GitTables_88334,1
GitTables_127797,14
GitTables_75476,10
GitTables_11149,16
GitTables_68533,5
GitTables_153350,27
GitTables_21562,11
GitTables_150500,7
GitTables_112917,1
GitTables_10050,2
GitTables_6128,3
GitTables_46204,0
GitTables_200074,3
GitTables_88712,2
GitTables_29706,3
GitTables_1515,0
GitTables_104436,7
GitTables_189196,2
GitTables_24180,0
GitTables_27145,12
GitTables_447,2
GitTables_158130,5
GitTables_1422,11
GitTables_76948,1
GitTables_36520,7
GitTables_113932,9
GitTables_171217,10
GitTables_33139,7
GitTables_85186,0
GitTables_17562,3
GitTables_197870,6
GitTables_28395,7
GitTables_173092,4
GitTables_150785,5
GitTables_75001,2
GitTables_7211,22
GitTables_126729,0
GitTables_142929,1
GitTables_56603,2
GitTables_8891,11
GitTables_150224,2
GitTables_82610,1
GitTables_364,26
GitTables_64277,10
GitTables_174466,10
GitTables_63407,0
GitTables_179118,0
GitTables_55416,1
GitTables_180537,0
GitTables_192058,2
GitTables_77362,0
GitTables_147905,0
GitTables_1453,7
GitTables_85334,4
GitTables_29107,0
GitTables_1669,7
GitTables_5164,4
GitTables_205545,4
GitTables_41548,0
GitTables_35958,3
GitTables_57,3
GitTables_73359,15
GitTables_3668,2
GitTables_35898,0
GitTables_11353,14
GitTables_102981,0
GitTables_109151,13
GitTables_14634,1
GitTables_2622,2
GitTables_120422,0
GitTables_99960,3
GitTables_482,6
GitTables_18752,3
GitTables_33481,19
GitTables_130797,4
GitTables_120201,1
GitTables_101556,5
GitTables_89080,0
GitTables_44812,0
GitTables_43701,1
GitTables_186291,1
GitTables_19836,0
GitTables_159931,0
GitTables_35739,9
GitTables_26495,1
GitTables_155718,4
GitTables_27406,0
GitTables_16487,1
GitTables_109223,0
GitTables_88933,0
GitTables_43682,0
GitTables_160399,0
GitTables_166803,0
GitTables_108503,2
GitTables_21,0
GitTables_118461,1
GitTables_158488,0
GitTables_59159,9
GitTables_127797,8
GitTables_162926,0
GitTables_11304,2
GitTables_120703,3
GitTables_49014,7
GitTables_74893,3
GitTables_27574,7
GitTables_110839,0
GitTables_61372,3
GitTables_6203,5
GitTables_77249,6
GitTables_13477,0
GitTables_72183,0
GitTables_78495,1
GitTables_1949,1
GitTables_70484,21
GitTables_76175,11
GitTables_41885,1
GitTables_188892,5
GitTables_81639,7
GitTables_4255,1
GitTables_119653,0
GitTables_8285,4
GitTables_36064,9
GitTables_5537,1
GitTables_172879,3
GitTables_152260,4
GitTables_68463,11
GitTables_115703,1
GitTables_8584,14
GitTables_30072,0
GitTables_161527,15
GitTables_138402,1
GitTables_9983,17
GitTables_27,7
GitTables_134637,0
GitTables_116098,0
GitTables_43482,8
GitTables_49990,2
GitTables_50864,2
GitTables_100434,10
GitTables_10050,0
GitTables_58870,0
GitTables_85825,0
GitTables_103014,0
GitTables_153788,0
GitTables_8727,0
GitTables_84393,2
GitTables_41601,0
GitTables_27910,6
GitTables_5561,2
GitTables_152943,0
GitTables_174556,0
GitTables_96109,2
GitTables_76970,5
GitTables_18918,2
GitTables_118451,0
GitTables_1373,1
GitTables_165430,4
GitTables_40962,0
GitTables_17502,0
GitTables_104752,1
GitTables_92837,1
GitTables_103485,6
GitTables_13574,2
GitTables_70442,0
GitTables_86437,18
GitTables_297,19
GitTables_32237,1
GitTables_27577,0
GitTables_187489,5
GitTables_21132,1
GitTables_41486,21
GitTables_133369,3
GitTables_127878,4
GitTables_189344,0
GitTables_198214,1
GitTables_203536,22
GitTables_48279,4
GitTables_51230,2
GitTables_91842,2
GitTables_38072,0
GitTables_42798,6
GitTables_102246,0
GitTables_63534,0
GitTables_32591,2
GitTables_16487,0
GitTables_67869,4
GitTables_36500,0
GitTables_43989,0
GitTables_7860,16
GitTables_44668,6
GitTables_79410,1
GitTables_107186,0
GitTables_17756,6
GitTables_163983,0
GitTables_45136,2
GitTables_2949,0
GitTables_96458,0
GitTables_185810,1
GitTables_7759,2
GitTables_92544,16
GitTables_119093,1
GitTables_13442,1
GitTables_26734,1
GitTables_92649,0
GitTables_12970,0
GitTables_206274,1
GitTables_186290,0
GitTables_100210,3
GitTables_49563,0
GitTables_880,3
GitTables_87560,0
GitTables_179137,0
GitTables_22289,0
GitTables_709,15
GitTables_165554,6
GitTables_64348,1
GitTables_22039,0
GitTables_44155,7
GitTables_14151,1
GitTables_122309,0
GitTables_21579,2
GitTables_3741,5
GitTables_5588,16
GitTables_92468,0
GitTables_59186,0
GitTables_23588,6
GitTables_176406,3
GitTables_67869,1
GitTables_110771,1
GitTables_187709,11
GitTables_51429,8
GitTables_100983,13
GitTables_156025,2
GitTables_26534,0
GitTables_144030,0
GitTables_35460,1
GitTables_3048,3
GitTables_7759,0
GitTables_19396,3
GitTables_115387,3
GitTables_178620,0
GitTables_63734,0
GitTables_96419,13
GitTables_79643,3
GitTables_165464,0
GitTables_8290,9
GitTables_171853,1
GitTables_95400,9
GitTables_91622,1
GitTables_4085,3
GitTables_98293,3
GitTables_51306,40
GitTables_35811,0
GitTables_83394,2
GitTables_25712,40
GitTables_77504,4
GitTables_121843,1
GitTables_60727,0
GitTables_65725,2
GitTables_141610,4
GitTables_185575,11
GitTables_86437,26
GitTables_13395,0
GitTables_17856,0
GitTables_114269,0
GitTables_198752,1
GitTables_12,7
GitTables_162788,0
GitTables_44897,22
GitTables_167160,0
GitTables_117723,4
GitTables_11818,3
GitTables_14366,1
GitTables_104584,0
GitTables_149249,21
GitTables_55034,1
GitTables_17932,2
GitTables_175451,0
GitTables_11236,20
GitTables_38806,1
GitTables_192867,1
GitTables_35604,0
GitTables_177262,5
GitTables_193566,10
GitTables_148953,1
GitTables_75554,38
GitTables_121387,22
GitTables_97093,0
GitTables_87106,1
GitTables_111778,4
GitTables_7082,0
GitTables_48316,4
GitTables_102871,13
GitTables_103066,14
GitTables_17499,8
GitTables_70665,1
GitTables_92649,2
GitTables_161527,1
GitTables_171509,7
GitTables_14106,6
GitTables_199047,10
GitTables_70268,8
GitTables_147504,2
GitTables_7438,14
GitTables_96819,18
GitTables_149453,0
GitTables_21579,6
GitTables_8954,0
GitTables_133578,4
GitTables_5164,7
GitTables_8541,1
GitTables_826,3
GitTables_19701,1
GitTables_83106,0
GitTables_23204,1
GitTables_61624,2
GitTables_203347,0
GitTables_156521,1
GitTables_161,5
GitTables_128553,7
GitTables_30420,0
GitTables_147187,2
GitTables_32227,0
GitTables_86244,0
GitTables_147700,1
GitTables_21144,0
GitTables_46031,2
GitTables_21321,6
GitTables_11938,17
GitTables_39784,1
GitTables_103243,0
GitTables_4153,0
GitTables_49840,7
GitTables_30106,3
GitTables_188708,7
GitTables_198214,0
GitTables_108469,0
GitTables_141849,13
GitTables_170852,10
GitTables_113932,1
GitTables_134471,1
GitTables_10401,0
GitTables_121347,3
GitTables_81550,10
GitTables_3494,0
GitTables_80973,6
GitTables_10130,8
GitTables_137898,4
GitTables_121653,0
GitTables_59560,0
GitTables_136975,2
GitTables_176992,137
GitTables_25811,4
GitTables_39395,1
GitTables_65142,3
GitTables_155470,3
GitTables_28013,0
GitTables_24145,0
GitTables_13213,6
GitTables_50931,4
GitTables_181940,7
GitTables_137151,1
GitTables_81970,0
GitTables_127288,6
GitTables_41410,0
GitTables_95354,0
GitTables_178656,9
GitTables_6339,39
GitTables_182265,0
GitTables_202619,2
GitTables_90522,1
GitTables_40076,1
GitTables_195020,4
GitTables_152645,10
GitTables_31072,0
GitTables_141879,3
GitTables_155116,5
GitTables_166271,8
GitTables_74887,4
GitTables_753,12
GitTables_182033,0
GitTables_60996,3
GitTables_62421,12
GitTables_82709,1
GitTables_33700,55
GitTables_117371,7
GitTables_164832,1
GitTables_131499,5
GitTables_46091,0
GitTables_200240,1
GitTables_8290,8
GitTables_184604,3
GitTables_27026,3
GitTables_140700,0
GitTables_80894,0
GitTables_206090,17
GitTables_159449,4
GitTables_178543,7
GitTables_82331,6
GitTables_132263,9
GitTables_204291,4
GitTables_46963,0
GitTables_135169,0
GitTables_161330,3
GitTables_138402,0
GitTables_101593,6
GitTables_171588,0
GitTables_44538,3
GitTables_148067,6
GitTables_3335,34
GitTables_144030,2
GitTables_52696,1
GitTables_364,30
GitTables_46445,0
GitTables_38820,1
GitTables_205961,3
GitTables_8824,1
GitTables_117301,1
GitTables_187346,0
GitTables_58874,0
GitTables_35136,11
GitTables_88111,0
GitTables_126947,25
GitTables_173853,0
GitTables_76148,1
GitTables_186983,6
GitTables_177765,0
GitTables_132690,0
GitTables_158298,0
GitTables_153967,0
GitTables_181009,3
GitTables_71394,0
GitTables_98397,0
GitTables_133206,2
GitTables_181742,2
GitTables_119899,0
GitTables_50673,4
GitTables_3000,0
GitTables_182019,0
GitTables_35696,2
GitTables_148451,0
GitTables_12030,6
GitTables_80399,3
GitTables_9045,2
GitTables_80849,2
GitTables_82025,0
GitTables_1012,0
GitTables_650,2
GitTables_47196,0
GitTables_109552,0
GitTables_159986,22
GitTables_163275,6
GitTables_13558,7
GitTables_41459,98
GitTables_197351,2
GitTables_79637,1
GitTables_112510,2
GitTables_2965,0
GitTables_200966,1
GitTables_21227,2
GitTables_5774,1
GitTables_177319,12
GitTables_158998,1
GitTables_65794,8
GitTables_184428,1
GitTables_20552,0
GitTables_85298,2
GitTables_32577,1
GitTables_159449,7
GitTables_153524,0
GitTables_8584,1
GitTables_9045,0
GitTables_7502,0
GitTables_134164,4
GitTables_84392,3
GitTables_133594,3
GitTables_75476,9
GitTables_89390,0
GitTables_20900,8
GitTables_58325,4
GitTables_18863,7
GitTables_119310,0
GitTables_5561,4
GitTables_186079,6
GitTables_147504,0
GitTables_4899,8
GitTables_134046,1
GitTables_2930,0
GitTables_90084,1
GitTables_57347,3
GitTables_58522,0
GitTables_153965,1
GitTables_192984,8
GitTables_191611,8
GitTables_1277,1
GitTables_61835,0
GitTables_64277,6
GitTables_31049,5
GitTables_62023,2
GitTables_81808,12
GitTables_44155,2
GitTables_25287,4
GitTables_34360,0
GitTables_115813,4
GitTables_56203,7
GitTables_1949,0
GitTables_38522,1
GitTables_37304,0
GitTables_34243,11
GitTables_42454,25
GitTables_174648,5
GitTables_110795,0
GitTables_17275,0
GitTables_67,50
GitTables_134036,0
GitTables_50650,7
GitTables_79611,5
GitTables_82954,1
GitTables_183973,8
GitTables_37343,0
GitTables_145245,5
GitTables_8891,0
GitTables_6203,17
GitTables_23543,1
GitTables_24719,2
GitTables_156676,4
GitTables_42454,40
GitTables_37561,0
GitTables_116834,1
GitTables_30591,0
GitTables_180310,11
GitTables_12891,0
GitTables_22461,19
GitTables_69090,2
GitTables_105367,2
GitTables_51767,6
GitTables_2511,0
GitTables_17617,3
GitTables_41686,0
GitTables_17932,8
GitTables_29884,4
GitTables_70268,6
GitTables_60578,0
GitTables_14366,5
GitTables_68966,3
GitTables_20803,2
GitTables_154434,13
GitTables_135513,13
GitTables_188708,4
GitTables_32658,0
GitTables_75770,1
GitTables_148451,3
GitTables_30580,0
GitTables_21226,0
GitTables_4382,4
GitTables_29600,5
GitTables_76061,1
GitTables_38136,1
GitTables_172560,0
GitTables_31440,6
GitTables_109316,1
GitTables_22919,3
GitTables_85229,1
GitTables_142526,1
GitTables_122713,11
GitTables_134244,2
GitTables_137406,0
GitTables_51947,1
GitTables_181323,3
GitTables_55965,6
GitTables_116576,14
GitTables_27026,0
GitTables_33031,2
GitTables_65807,6
GitTables_192356,4
GitTables_33529,7
GitTables_121108,1
GitTables_205611,0
GitTables_146200,29
GitTables_36674,36
GitTables_115747,3
GitTables_153956,0
GitTables_41548,4
GitTables_157219,1
GitTables_11423,46
GitTables_181323,1
GitTables_91990,3
GitTables_13584,1
GitTables_35252,0
GitTables_38851,1
GitTables_52053,0
GitTables_11315,0
GitTables_95994,12
GitTables_54493,3
GitTables_139569,0
GitTables_38788,0
GitTables_112786,6
GitTables_98729,11
GitTables_160004,0
GitTables_3891,3
GitTables_128967,3
GitTables_155560,17
GitTables_137763,1
GitTables_172707,0
GitTables_136828,0
GitTables_123941,0
GitTables_156665,0
GitTables_36629,36
GitTables_154946,1
GitTables_183737,1
GitTables_81352,14
GitTables_184794,9
GitTables_55496,1
GitTables_73,0
GitTables_124908,0
GitTables_17422,3
GitTables_4192,1
GitTables_34431,2
GitTables_166118,0
GitTables_98764,2
GitTables_17538,10
GitTables_61276,2
GitTables_61226,0
GitTables_45571,4
GitTables_184938,3
GitTables_105959,1
GitTables_188764,12
GitTables_136828,44
GitTables_79853,0
GitTables_22057,0
GitTables_48514,0
GitTables_58509,1
GitTables_43327,84
GitTables_51567,0
GitTables_172981,0
GitTables_76745,2
GitTables_70691,0
GitTables_197317,4
GitTables_58154,26
GitTables_51466,0
GitTables_31150,5
GitTables_48285,1
GitTables_150596,0
GitTables_3105,0
GitTables_26927,7
GitTables_187044,4
GitTables_30723,40
GitTables_80294,1
GitTables_55933,0
GitTables_2639,0
GitTables_79643,0
GitTables_57681,14
GitTables_193961,1
GitTables_114921,0
GitTables_18199,6
GitTables_88147,2
GitTables_126079,3
GitTables_107350,4
GitTables_98795,3
GitTables_125469,2
GitTables_39173,0
GitTables_185033,1
GitTables_7097,2
GitTables_35197,110
GitTables_23067,7
GitTables_170286,0
GitTables_66388,5
GitTables_190325,31
GitTables_202345,0
GitTables_119840,5
GitTables_52011,4
GitTables_68590,0
GitTables_166177,7
GitTables_197008,0
GitTables_22905,42
GitTables_22834,1
GitTables_10989,4
GitTables_130151,66
GitTables_181749,0
GitTables_160852,0
GitTables_5698,3
GitTables_6511,7
GitTables_190356,1
GitTables_80416,0
GitTables_92782,2
GitTables_17807,1
GitTables_69944,0
GitTables_27574,3
GitTables_7833,1
GitTables_55625,1
GitTables_189484,2
GitTables_40859,0
GitTables_12046,19
GitTables_167613,1
GitTables_104052,16
GitTables_10050,5
GitTables_81009,6
GitTables_200728,0
GitTables_39173,2
GitTables_35340,13
GitTables_26056,8
GitTables_40771,1
GitTables_26727,1
GitTables_21446,4
GitTables_22238,1
GitTables_5483,2
GitTables_108959,14
GitTables_27145,5
GitTables_150684,0
GitTables_3361,1
GitTables_166803,1
GitTables_201990,3
GitTables_92937,2
GitTables_195480,0
GitTables_17788,6
GitTables_105959,2
GitTables_55034,0
GitTables_16164,0
GitTables_152484,23
GitTables_32612,0
GitTables_1843,8
GitTables_200864,12
GitTables_76958,7
GitTables_167964,4
GitTables_159986,23
GitTables_193728,13
GitTables_129544,4
GitTables_4919,4
GitTables_18860,1
GitTables_79477,12
GitTables_142118,4
GitTables_114921,4
GitTables_159587,5
GitTables_33700,56
GitTables_102174,7
GitTables_21562,2
GitTables_146622,5
GitTables_7212,0
GitTables_13615,3
GitTables_150596,1
GitTables_36240,8
GitTables_70268,15
GitTables_11818,1
GitTables_7430,13
GitTables_75001,1
GitTables_9311,1
GitTables_107376,3
GitTables_130452,18
GitTables_13320,0
GitTables_115994,0
GitTables_50195,16
GitTables_111591,4
GitTables_100277,0
GitTables_75890,1
GitTables_177975,2
GitTables_182344,2
GitTables_92460,0
GitTables_7755,2
GitTables_123691,2
GitTables_170419,0
GitTables_850,14
GitTables_6405,7
GitTables_116961,0
GitTables_30719,2
GitTables_112881,4
GitTables_11226,0
GitTables_201,4
GitTables_39402,6
GitTables_103366,1
GitTables_41486,7
GitTables_121108,2
GitTables_79668,7
GitTables_50606,0
GitTables_162182,2
GitTables_175878,0
GitTables_127288,9
GitTables_74572,0
GitTables_2398,0
GitTables_13477,1
GitTables_53430,0
GitTables_7862,4
GitTables_2030,3
GitTables_81808,2
GitTables_66283,0
GitTables_139938,1
GitTables_122122,0
GitTables_63445,2
GitTables_38519,1
GitTables_168948,3
GitTables_157326,0
GitTables_5722,2
GitTables_166396,10
GitTables_97387,1
GitTables_3418,0
GitTables_434,0
GitTables_7984,1
GitTables_192984,5
GitTables_45829,1
GitTables_101882,3
GitTables_4123,3
GitTables_55264,7
GitTables_51306,41
GitTables_36687,6
GitTables_42252,0
GitTables_105959,0
GitTables_124869,1
GitTables_230,6
GitTables_6415,3
GitTables_133220,1
GitTables_61,0
GitTables_1951,6
GitTables_33659,0
GitTables_145226,0
GitTables_117519,0
GitTables_83633,1
GitTables_184293,4
GitTables_122627,1
GitTables_137194,10
GitTables_115747,0
GitTables_1102,1
GitTables_15175,1
GitTables_36991,5
GitTables_5764,0
GitTables_31465,2
GitTables_36418,0
GitTables_100210,0
GitTables_62670,0
GitTables_206713,4
GitTables_4002,7
GitTables_156521,3
GitTables_29297,0
GitTables_128339,3
GitTables_47936,9
GitTables_3080,0
GitTables_8771,0
GitTables_123578,0
GitTables_2286,5
GitTables_86615,2
GitTables_185264,0
GitTables_18748,8
GitTables_80416,2
GitTables_3606,0
GitTables_39402,0
GitTables_96377,0
GitTables_2123,5
GitTables_8826,12
GitTables_28964,0
GitTables_64277,9
GitTables_191778,2
GitTables_5410,35
GitTables_17139,2
GitTables_133582,8
GitTables_9311,0
GitTables_82709,3
GitTables_145653,2
GitTables_295,0
GitTables_138141,5
GitTables_181940,0
GitTables_6585,4
GitTables_24419,1
GitTables_181742,1
GitTables_35934,1
GitTables_87378,0
GitTables_120739,1
GitTables_147143,3
GitTables_30580,1
GitTables_148792,26
GitTables_45537,2
GitTables_36520,2
GitTables_4215,2
GitTables_54069,6
GitTables_43482,10
GitTables_21761,3
GitTables_100289,0
GitTables_11848,3
GitTables_187,1
GitTables_64534,8
GitTables_40860,1
GitTables_41481,42
GitTables_137076,2
GitTables_12944,4
GitTables_179410,14
GitTables_110386,4
GitTables_4776,0
GitTables_92937,20
GitTables_26264,18
GitTables_3153,1
GitTables_23715,2
GitTables_185810,10
GitTables_99461,0
GitTables_63624,72
GitTables_19644,17
GitTables_1423,3
GitTables_40193,19
GitTables_92916,0
GitTables_20428,0
GitTables_171521,0
GitTables_74322,5
GitTables_137664,2
GitTables_51003,2
GitTables_133993,0
GitTables_148846,0
GitTables_56256,2
GitTables_16531,1
GitTables_27061,1
GitTables_4222,0
GitTables_158593,3
GitTables_8428,0
GitTables_17502,7
GitTables_9032,6
GitTables_44942,1
GitTables_1286,4
GitTables_129928,1
GitTables_5076,0
GitTables_24910,2
GitTables_51891,0
GitTables_55073,8
GitTables_36087,7
GitTables_5627,6
GitTables_196439,7
GitTables_17422,6
GitTables_30064,3
GitTables_147152,0
GitTables_76031,42
GitTables_144888,1
GitTables_160967,1
GitTables_51003,5
GitTables_133269,8
GitTables_41481,39
GitTables_184794,6
GitTables_6346,16
GitTables_80256,31
GitTables_49272,1
GitTables_13894,2
GitTables_136614,1
GitTables_26293,0
GitTables_177262,4
GitTables_25064,4
GitTables_32848,0
GitTables_121296,12
GitTables_29343,9
GitTables_201572,1
GitTables_15130,1
GitTables_82699,3
GitTables_3296,3
GitTables_130001,0
GitTables_200626,3
GitTables_22365,1
GitTables_80071,1
GitTables_49033,2
GitTables_204311,1
GitTables_5758,0
GitTables_155872,7
GitTables_97104,19
GitTables_40585,1
GitTables_58577,6
GitTables_85525,4
GitTables_63386,1
GitTables_32545,13
GitTables_148167,0
GitTables_100427,1
GitTables_44538,0
GitTables_117226,0
GitTables_86628,3
GitTables_92584,2
GitTables_9557,0
GitTables_99240,2
GitTables_88712,29
GitTables_87704,5
GitTables_42178,2
GitTables_3139,0
GitTables_15970,3
GitTables_27233,18
GitTables_78530,0
GitTables_99486,2
GitTables_72175,25
GitTables_2105,6
GitTables_175490,5
GitTables_48683,2
GitTables_196185,1
GitTables_68057,3
GitTables_169032,0
GitTables_49549,7
GitTables_138589,1
GitTables_116345,0
GitTables_11092,0
GitTables_50327,3
GitTables_168634,2
GitTables_49552,2
GitTables_23067,0
GitTables_43103,1
GitTables_11712,2
GitTables_109785,0
GitTables_18346,1
GitTables_122620,3
GitTables_41630,1
GitTables_22490,1
GitTables_3000,2
GitTables_30285,3
GitTables_41249,0
GitTables_112729,5
GitTables_50229,5
GitTables_17199,2
GitTables_155165,7
GitTables_80910,0
GitTables_95413,11
GitTables_75770,0
GitTables_205407,6
GitTables_81352,21
GitTables_30920,11
GitTables_23585,0
GitTables_4243,5
GitTables_148712,0
GitTables_510,1
GitTables_95035,2
GitTables_56817,4
GitTables_119532,0
GitTables_142885,12
GitTables_45035,5
GitTables_31928,1
GitTables_127288,8
GitTables_180832,34
GitTables_15355,2
GitTables_1487,0
GitTables_53549,0
GitTables_69683,0
GitTables_155538,0
GitTables_29487,4
GitTables_101094,4
GitTables_47552,11
GitTables_84376,2
GitTables_22243,1
GitTables_151705,6
GitTables_16019,117
GitTables_81009,3
GitTables_68847,49
GitTables_178539,0
GitTables_117313,3
GitTables_58577,0
GitTables_1444,1
GitTables_137856,2
GitTables_195367,7
GitTables_6203,6
GitTables_41344,4
GitTables_14594,6
GitTables_17788,0
GitTables_99094,6
GitTables_8727,2
GitTables_46968,3
GitTables_46286,5
GitTables_39256,11
GitTables_112820,6
GitTables_10083,11
GitTables_178543,5
GitTables_138316,3
GitTables_52520,3
GitTables_33800,14
GitTables_177853,1
GitTables_1396,0
GitTables_166601,4
GitTables_148645,2
GitTables_6926,2
GitTables_191778,6
GitTables_137544,34
GitTables_80416,1
GitTables_41024,5
GitTables_805,0
GitTables_19983,19
GitTables_40458,0
GitTables_111036,4
GitTables_23617,0
GitTables_90753,11
GitTables_60238,3
GitTables_46968,2
GitTables_69683,16
GitTables_33944,0
GitTables_18564,1
GitTables_5000,6
GitTables_60429,6
GitTables_136531,5
GitTables_85618,1
GitTables_179817,1
GitTables_35177,4
GitTables_3139,42
GitTables_82493,0
GitTables_55825,9
GitTables_38059,13
GitTables_178085,4
GitTables_19958,1
GitTables_2383,4
GitTables_26264,7
GitTables_110695,0
GitTables_58537,1
GitTables_831,15
GitTables_132715,2
GitTables_162572,0
GitTables_16911,2
GitTables_21794,1
GitTables_40642,0
GitTables_184293,5
GitTables_3773,2
GitTables_179503,4
GitTables_12986,1
GitTables_143487,1
GitTables_5597,0
GitTables_36940,0
GitTables_19701,3
GitTables_41367,17
GitTables_119221,2
GitTables_197767,13
GitTables_187529,0
GitTables_73181,0
GitTables_37190,1
GitTables_27081,0
GitTables_146447,1
GitTables_6854,1
GitTables_124974,6
GitTables_259,5
GitTables_96893,0
GitTables_75152,1
GitTables_158665,1
GitTables_8826,0
GitTables_98770,7
GitTables_188037,1
GitTables_193186,1
GitTables_28099,0
GitTables_104027,2
GitTables_184617,2
GitTables_165316,0
GitTables_4147,1
GitTables_25222,0
GitTables_46445,9
GitTables_159903,5
GitTables_148953,0
GitTables_117371,0
GitTables_17000,7
GitTables_186726,4
GitTables_36459,5
GitTables_82025,2
GitTables_54833,12
GitTables_40400,3
GitTables_70668,0
GitTables_23194,6
GitTables_79144,4
GitTables_7368,5
GitTables_22942,4
GitTables_4533,2
GitTables_187044,1
GitTables_831,3
GitTables_178067,1
GitTables_30723,41
GitTables_169648,3
GitTables_3874,0
GitTables_128418,0
GitTables_66477,0
GitTables_14841,7
GitTables_202675,0
GitTables_159171,8
GitTables_377,4
GitTables_148118,1
GitTables_8350,1
GitTables_68057,0
GitTables_47139,3
GitTables_92089,1
GitTables_87081,9
GitTables_172560,26
GitTables_47380,1
GitTables_56203,6
GitTables_55965,1
GitTables_154700,2
GitTables_98505,8
GitTables_65030,0
GitTables_1188,6
GitTables_9367,4
GitTables_48097,12
GitTables_151357,1
GitTables_180310,15
GitTables_59258,1
GitTables_197317,0
GitTables_134333,0
GitTables_20787,9
GitTables_734,2
GitTables_81398,0
GitTables_125713,2
GitTables_182344,3
GitTables_1180,32
GitTables_116961,19
GitTables_15896,0
GitTables_38541,0
GitTables_28931,16
GitTables_194269,0
GitTables_1073,11
GitTables_24195,8
GitTables_112810,0
GitTables_85758,15
GitTables_66112,5
GitTables_16386,4
GitTables_63182,0
GitTables_123484,5
GitTables_5561,0
GitTables_191572,0
GitTables_35982,0
GitTables_188366,0
GitTables_59159,2
GitTables_112400,8
GitTables_150862,1
GitTables_92937,19
GitTables_146207,0
GitTables_9119,0
GitTables_13552,0
GitTables_41263,2
GitTables_154156,110
GitTables_138312,0
GitTables_3966,14
GitTables_104538,4
GitTables_21332,2
GitTables_43703,0
GitTables_126513,0
GitTables_27611,8
GitTables_5170,15
GitTables_10755,7
GitTables_22863,2
GitTables_172881,5
GitTables_50843,13
GitTables_200440,0
GitTables_5879,0
GitTables_32861,0
GitTables_92615,3
GitTables_50843,30
GitTables_3844,0
GitTables_132715,1
GitTables_179637,1
GitTables_94769,9
GitTables_136997,10
GitTables_13534,13
GitTables_29353,3
GitTables_118451,6
GitTables_56248,0
GitTables_99816,0
GitTables_74763,13
GitTables_98139,10
GitTables_40585,4
GitTables_36346,11
GitTables_29933,1
GitTables_2383,22
GitTables_40475,0
GitTables_3157,0
GitTables_81914,2
GitTables_111190,4
GitTables_72558,7
GitTables_88380,3
GitTables_105971,4
GitTables_113254,2
GitTables_144332,1
GitTables_152260,0
GitTables_38338,13
GitTables_188708,1
GitTables_30953,2
GitTables_46744,5
GitTables_121049,12
GitTables_35101,3
GitTables_28706,0
GitTables_172393,0
GitTables_185033,0
GitTables_116975,1
GitTables_45194,3
GitTables_38338,20
GitTables_187639,0
GitTables_86453,6
GitTables_3628,5
GitTables_58242,0
GitTables_30719,1
GitTables_84610,2
GitTables_21870,4
GitTables_2199,5
GitTables_109370,0
GitTables_31808,0
GitTables_116961,10
GitTables_147569,0
GitTables_56281,1
GitTables_115460,7
GitTables_136931,0
GitTables_52682,8
GitTables_144585,0
GitTables_18748,6
GitTables_148712,11
GitTables_7360,1
GitTables_138155,1
GitTables_109577,2
GitTables_206113,0
GitTables_187119,4
GitTables_104436,4
GitTables_24083,0
GitTables_797,3
GitTables_13044,0
GitTables_112070,0
GitTables_173683,0
GitTables_605,17
GitTables_50939,0
GitTables_31465,3
GitTables_99461,1
GitTables_79410,0
GitTables_26975,1
GitTables_41,5
GitTables_148846,3
GitTables_15866,0
GitTables_9410,4
GitTables_121073,0
GitTables_70945,3
GitTables_34243,6
GitTables_119,1
GitTables_9868,1
GitTables_197746,0
GitTables_100342,7
GitTables_75037,4
GitTables_157787,8
GitTables_168777,1
GitTables_9922,8
GitTables_203653,0
GitTables_76871,0
GitTables_28148,3
GitTables_66388,3
GitTables_30953,1
GitTables_11505,0
GitTables_158806,1
GitTables_158073,1
GitTables_36250,8
GitTables_60005,11
GitTables_74046,2
GitTables_13439,2
GitTables_72176,63
GitTables_79209,0
GitTables_26520,0
GitTables_95434,4
GitTables_11427,0
GitTables_3282,15
GitTables_1161,4
GitTables_9045,5
GitTables_45259,0
GitTables_11938,18
GitTables_75871,3
GitTables_93963,8
GitTables_138402,2
GitTables_42984,1
GitTables_141025,0
GitTables_48322,3
GitTables_58242,6
GitTables_630,1
GitTables_102994,0
GitTables_36250,11
GitTables_166427,4
GitTables_16729,0
GitTables_97373,1
GitTables_109015,1
GitTables_179101,0
GitTables_82169,2
GitTables_33853,0
GitTables_92368,4
GitTables_55202,0
GitTables_44039,3
GitTables_126113,1
GitTables_193064,4
GitTables_196185,0
GitTables_44143,2
GitTables_70253,0
GitTables_101677,16
GitTables_205506,1
GitTables_3687,6
GitTables_25700,1
GitTables_24437,0
GitTables_106051,1
GitTables_188621,1
GitTables_62908,0
GitTables_165229,7
GitTables_4009,11
GitTables_47068,8
GitTables_181381,1
GitTables_150785,2
GitTables_25914,5
GitTables_19511,2
GitTables_70381,3
GitTables_80135,3
GitTables_67334,0
GitTables_15828,5
GitTables_127569,1
GitTables_37242,3
GitTables_32612,6
GitTables_169689,0
GitTables_8033,19
GitTables_161434,1
GitTables_186549,9
GitTables_5362,5
GitTables_6263,1
GitTables_45033,6
GitTables_26051,0
GitTables_19684,5
GitTables_134164,10
GitTables_88423,1
GitTables_155338,0
GitTables_3000,3
GitTables_19870,6
GitTables_136614,0
GitTables_112435,2
GitTables_4533,1
GitTables_30304,0
GitTables_198752,0
GitTables_18748,3
GitTables_364,35
GitTables_121454,0
GitTables_40673,0
GitTables_15315,0
GitTables_135891,2
GitTables_767,2
GitTables_50327,1
GitTables_76997,16
GitTables_49808,9
GitTables_186983,4
GitTables_21685,5
GitTables_90064,1
GitTables_172457,0
GitTables_127797,11
GitTables_7860,17
GitTables_99184,7
GitTables_36674,17
GitTables_79313,0
GitTables_33253,0
GitTables_40780,14
GitTables_155538,1
GitTables_50247,0
GitTables_34671,8
GitTables_169040,0
GitTables_60786,4
GitTables_2696,0
GitTables_91990,5
GitTables_115747,4
GitTables_139120,31
GitTables_59165,14
GitTables_177319,17
GitTables_244,3
GitTables_79668,6
GitTables_77504,1
GitTables_45287,0
GitTables_76745,1
GitTables_29443,2
GitTables_4363,6
GitTables_68828,3
GitTables_77362,5
GitTables_97028,0
GitTables_97273,29
GitTables_142929,6
GitTables_136550,0
GitTables_103166,4
GitTables_67024,3
GitTables_79098,1
GitTables_27233,1
GitTables_189028,0
GitTables_50380,0
GitTables_85665,5
GitTables_116961,13
GitTables_82025,1
GitTables_203152,0
GitTables_12874,10
GitTables_10190,0
GitTables_25091,5
GitTables_108002,0
GitTables_141604,0
GitTables_95191,0
GitTables_36522,20
GitTables_497,0
GitTables_82047,0
GitTables_73962,0
GitTables_22993,0
GitTables_47830,3
GitTables_2359,0
GitTables_11405,11
GitTables_12119,0
GitTables_98729,5
GitTables_8026,4
GitTables_34431,1
GitTables_132685,4
GitTables_136324,13
GitTables_144514,92
GitTables_146622,3
GitTables_185575,21
GitTables_5038,8
GitTables_69728,2
GitTables_193413,2
GitTables_124881,1
GitTables_143451,2
GitTables_150785,1
GitTables_53906,2
GitTables_16230,4
GitTables_72355,1
GitTables_7368,6
GitTables_90935,17
GitTables_68463,0
GitTables_36346,6
GitTables_170969,3
GitTables_12654,9
GitTables_132116,1
GitTables_98770,8
GitTables_76970,0
GitTables_198512,0
GitTables_121868,2
GitTables_84186,2
GitTables_137789,1
GitTables_133325,4
GitTables_99694,0
GitTables_202675,1
GitTables_2930,1
GitTables_88822,0
GitTables_47830,25
GitTables_4934,0
GitTables_3891,0
GitTables_100895,8
GitTables_29038,3
GitTables_43478,5
GitTables_49530,4
GitTables_168023,7
GitTables_5664,5
GitTables_40860,8
GitTables_38279,6
GitTables_8727,23
GitTables_457,0
GitTables_11236,21
GitTables_41476,0
GitTables_96819,20
GitTables_8918,0
GitTables_57127,3
GitTables_167329,1
GitTables_37751,8
GitTables_121653,1
GitTables_86452,17
GitTables_17203,8
GitTables_86684,4
GitTables_116016,0
GitTables_140703,7
GitTables_44895,8
GitTables_138103,1
GitTables_49656,4
GitTables_97790,1
GitTables_53572,0
GitTables_38572,1
GitTables_115784,1
GitTables_37200,0
GitTables_143483,0
GitTables_78834,19
GitTables_185035,8
GitTables_84393,1
GitTables_5410,10
GitTables_115359,1
GitTables_133325,3
GitTables_128138,2
GitTables_20442,11
GitTables_4153,2
GitTables_16171,0
GitTables_162328,1
GitTables_111,4
GitTables_171291,2
GitTables_95659,1
GitTables_167047,1
GitTables_192660,1
GitTables_9591,0
GitTables_108410,0
GitTables_117317,5
GitTables_19625,6
GitTables_78860,11
GitTables_127992,34
GitTables_201392,11
GitTables_132842,0
GitTables_178067,6
GitTables_95777,7
GitTables_140391,0
GitTables_178656,0
GitTables_77504,2
GitTables_180726,0
GitTables_82714,2
GitTables_37760,3
GitTables_206113,1
GitTables_195467,0
GitTables_8771,7
GitTables_181317,0
GitTables_709,8
GitTables_108937,1
GitTables_50117,1
GitTables_171897,2
GitTables_15386,1
GitTables_99836,12
GitTables_10083,14
GitTables_11236,11
GitTables_128834,2
GitTables_195321,1
GitTables_36746,5
GitTables_126500,8
GitTables_27668,5
GitTables_116368,7
GitTables_19758,7
GitTables_48430,1
GitTables_13534,28
GitTables_47497,8
GitTables_8532,0
GitTables_53514,3
GitTables_39435,7
GitTables_1359,8
GitTables_57835,0
GitTables_181343,2
GitTables_14772,4
GitTables_80865,18
GitTables_32262,3
GitTables_153121,1
GitTables_195507,0
GitTables_41279,1
GitTables_6717,1
GitTables_39191,19
GitTables_39569,0
GitTables_88334,4
GitTables_15617,31
GitTables_45287,3
GitTables_34012,5
GitTables_51429,7
GitTables_130734,2
GitTables_44793,72
GitTables_144310,0
GitTables_188892,4
GitTables_9166,1
GitTables_7908,6
GitTables_2202,5
GitTables_107350,0
GitTables_59129,5
GitTables_82714,0
GitTables_157102,0
GitTables_46702,0
GitTables_58778,0
GitTables_196293,1
GitTables_57936,12
GitTables_16372,3
GitTables_13912,17
GitTables_47482,30
GitTables_142901,4
GitTables_115636,3
GitTables_12944,5
GitTables_41626,0
GitTables_88761,2
GitTables_168167,0
GitTables_1404,2
GitTables_3687,17
GitTables_23456,3
GitTables_202342,1
GitTables_195328,1
GitTables_86684,6
GitTables_192356,0
GitTables_197870,0
GitTables_84020,0
GitTables_112954,2
GitTables_204738,0
GitTables_101603,0
GitTables_84744,1
GitTables_29297,2
GitTables_75744,2
GitTables_99035,5
GitTables_159130,14
GitTables_6215,13
GitTables_193475,1
GitTables_92837,2
GitTables_34996,0
GitTables_55304,0
GitTables_414,0
GitTables_169565,7
GitTables_8787,5
GitTables_91480,4
GitTables_138242,0
GitTables_172897,23
GitTables_138316,7
GitTables_27690,1
GitTables_150500,0
GitTables_61719,2
GitTables_92544,1
GitTables_11369,6
GitTables_102079,3
GitTables_18043,7
GitTables_24435,1
GitTables_27526,0
GitTables_1982,11
GitTables_101238,1
GitTables_192181,2
GitTables_196360,0
GitTables_173150,0
GitTables_125600,1
GitTables_41557,0
GitTables_200695,6
GitTables_60336,2
GitTables_128045,16
GitTables_37897,1
GitTables_9876,3
GitTables_40400,0
GitTables_159812,0
GitTables_151389,3
GitTables_3328,2
GitTables_141354,5
GitTables_56126,0
GitTables_124512,2
GitTables_69941,6
GitTables_112999,1
GitTables_87081,3
GitTables_37277,1
GitTables_11437,1
GitTables_133369,4
GitTables_127446,7
GitTables_36277,0
GitTables_79767,1
GitTables_7287,0
GitTables_160112,1
GitTables_50745,0
GitTables_78908,3
GitTables_58963,0
GitTables_5164,5
GitTables_40724,14
GitTables_66289,2
GitTables_22993,7
GitTables_49512,0
GitTables_1924,1
GitTables_148061,7
GitTables_159783,0
GitTables_48856,2
GitTables_63348,3
GitTables_17338,1
GitTables_24774,0
GitTables_9119,2
GitTables_43740,1
GitTables_21221,3
GitTables_24195,0
GitTables_130810,3
GitTables_13123,2
GitTables_170852,12
GitTables_84372,0
GitTables_171519,4
GitTables_116961,9
GitTables_50888,18
GitTables_178620,3
GitTables_3628,42
GitTables_32943,2
GitTables_20896,0
GitTables_120737,0
GitTables_96819,4
GitTables_9722,18
GitTables_47501,14
GitTables_6330,13
GitTables_2639,3
GitTables_20472,9
GitTables_24195,9
GitTables_31144,4
GitTables_23474,8
GitTables_1118,1
GitTables_148585,6
GitTables_185095,0
GitTables_88423,2
GitTables_182371,7
GitTables_57843,1
GitTables_12986,2
GitTables_112153,11
GitTables_10726,0
GitTables_50864,3
GitTables_136637,7
GitTables_169556,4
GitTables_116,3
GitTables_59666,7
GitTables_91153,5
GitTables_11848,2
GitTables_77392,0
GitTables_193413,3
GitTables_61226,1
GitTables_31357,0
GitTables_138725,2
GitTables_199236,0
GitTables_156649,0
GitTables_22911,2
GitTables_188018,0
GitTables_36346,8
GitTables_49033,0
GitTables_177319,31
GitTables_167116,3
GitTables_95014,8
GitTables_66986,4
GitTables_203117,13
GitTables_162857,1
GitTables_90402,1
GitTables_198934,0
GitTables_892,3
GitTables_49811,1
GitTables_16615,9
GitTables_174861,2
GitTables_61719,0
GitTables_76456,1
GitTables_136975,3
GitTables_5588,27
GitTables_184648,13
GitTables_33800,5
GitTables_56647,4
GitTables_11190,0
GitTables_14422,1
GitTables_7974,14
GitTables_11344,0
GitTables_2291,7
GitTables_19043,5
GitTables_193645,3
GitTables_49641,4
GitTables_137151,0
GitTables_7266,11
GitTables_15395,2
GitTables_60786,1
GitTables_115747,2
GitTables_117726,9
GitTables_131499,4
GitTables_25914,6
GitTables_117317,8
GitTables_77262,0
GitTables_8541,17
GitTables_1655,0
GitTables_196447,5
GitTables_72854,0
GitTables_128839,9
GitTables_22289,7
GitTables_129544,2
GitTables_2639,1
GitTables_5522,1
GitTables_38910,1
GitTables_8033,0
GitTables_115853,1
GitTables_35092,8
GitTables_110004,5
GitTables_63241,2
GitTables_132776,1
GitTables_97714,4
GitTables_202759,16
GitTables_173028,0
GitTables_36687,10
GitTables_24037,3
GitTables_127377,2
GitTables_710,0
GitTables_17538,35
GitTables_16948,7
GitTables_51057,21
GitTables_119573,21
GitTables_144117,2
GitTables_27305,8
GitTables_156721,25
GitTables_79777,0
GitTables_206387,2
GitTables_8689,2
GitTables_17742,4
GitTables_69835,0
GitTables_23502,1
GitTables_2509,0
GitTables_142659,6
GitTables_135904,9
GitTables_81130,0
GitTables_11400,2
GitTables_98770,2
GitTables_156240,3
GitTables_65,1
GitTables_24435,11
GitTables_137346,6
GitTables_111778,3
GitTables_169633,3
GitTables_69899,38
GitTables_113932,0
GitTables_76031,7
GitTables_13744,42
GitTables_18199,0
GitTables_98795,9
GitTables_4421,0
GitTables_133369,6
GitTables_168969,5
GitTables_97072,1
GitTables_190995,5
GitTables_41280,1
GitTables_99035,1
GitTables_8824,8
GitTables_69804,3
GitTables_136930,4
GitTables_487,0
GitTables_18478,0
GitTables_39924,2
GitTables_15524,0
GitTables_69804,4
GitTables_85630,0
GitTables_1073,0
GitTables_100658,10
GitTables_156034,6
GitTables_72362,0
GitTables_131847,1
GitTables_49085,0
GitTables_145488,0
GitTables_161761,1
GitTables_23651,1
GitTables_149756,0
GitTables_196174,1
GitTables_38519,0
GitTables_110693,0
GitTables_88822,5
GitTables_138042,2
GitTables_81863,0
GitTables_103718,0
GitTables_52682,5
GitTables_61719,12
GitTables_28199,0
GitTables_174861,5
GitTables_100658,3
GitTables_31440,5
GitTables_8486,3
GitTables_175490,7
GitTables_118795,3
GitTables_130304,0
GitTables_112810,13
GitTables_67679,16
GitTables_62365,0
GitTables_36696,2
GitTables_107299,0
GitTables_9826,7
GitTables_51429,6
GitTables_3556,1
GitTables_163254,18
GitTables_6223,0
GitTables_16386,0
GitTables_28492,3
GitTables_26113,2
GitTables_30920,10
GitTables_105212,2
GitTables_15191,0
