table_id,target_column,annotation_id,annotation_label
GitTables_127878,1,schema:Code,code
GitTables_105256,2,schema:Code,code
GitTables_39913,1,schema:URL,url
GitTables_58145,5,schema:City,city
GitTables_130151,10,schema:State,state
GitTables_17945,2,schema:State,state
GitTables_84639,30,schema:Action,action
GitTables_200377,4,schema:URL,url
GitTables_158998,0,schema:Code,code
GitTables_203152,6,schema:State,state
GitTables_65794,2,schema:Table,table
GitTables_143451,5,schema:State,state
GitTables_7717,4,schema:Quantity,quantity
GitTables_103326,8,schema:City,city
GitTables_18069,0,schema:State,state
GitTables_61664,40,schema:Series,series
GitTables_42909,2,schema:URL,url
GitTables_54156,3,schema:Dataset,dataset
GitTables_55751,1,schema:City,city
GitTables_6002,4,schema:Duration,duration
GitTables_101556,29,schema:URL,url
GitTables_154568,0,schema:City,city
GitTables_178274,7,schema:URL,url
GitTables_152318,3,schema:Action,action
GitTables_39475,1,schema:Project,project
GitTables_15866,11,schema:URL,url
GitTables_185875,4,schema:Code,code
GitTables_37059,1,schema:Code,code
GitTables_56151,27,schema:Country,country
GitTables_33043,30,schema:Action,action
GitTables_57936,10,schema:City,city
GitTables_134192,0,schema:State,state
GitTables_78627,1,schema:State,state
GitTables_77863,5,schema:Order,order
GitTables_124341,15,schema:DataType,data type
GitTables_98505,3,schema:State,state
GitTables_47497,0,schema:Code,code
GitTables_43939,2,schema:State,state
GitTables_1771,9,schema:Order,order
GitTables_86453,2,schema:Table,table
GitTables_98139,16,schema:DataType,data type
GitTables_14352,7,schema:State,state
GitTables_103059,3,schema:Rating,rating
GitTables_13044,3,schema:Action,action
GitTables_121296,8,schema:Class,class
GitTables_36483,12,schema:Quantity,quantity
GitTables_123906,1,schema:URL,url
GitTables_172393,10,schema:State,state
GitTables_147035,10,schema:State,state
GitTables_249,2,schema:Code,code
GitTables_2796,2,schema:Code,code
GitTables_86615,12,schema:City,city
GitTables_67923,9,schema:URL,url
GitTables_88614,5,schema:Series,series
GitTables_188754,1,schema:Project,project
GitTables_24251,2,schema:Mountain,mountain
GitTables_114743,3,schema:City,city
GitTables_13442,0,schema:Code,code
GitTables_32577,3,schema:Duration,duration
GitTables_140992,5,schema:DataType,data type
GitTables_72418,24,schema:City,city
GitTables_13123,9,schema:Rating,rating
GitTables_103722,4,schema:Class,class
GitTables_47186,6,schema:Quantity,quantity
GitTables_86437,7,schema:Duration,duration
GitTables_12057,2,schema:State,state
GitTables_132685,1,schema:Quantity,quantity
GitTables_33700,53,schema:City,city
GitTables_101497,1,schema:Code,code
GitTables_20729,6,schema:State,state
GitTables_49808,10,schema:Country,country
GitTables_33463,3,schema:URL,url
GitTables_78431,11,schema:URL,url
GitTables_7426,30,schema:Action,action
GitTables_48683,3,schema:URL,url
GitTables_152738,30,schema:Action,action
GitTables_147885,1,schema:City,city
GitTables_36250,6,schema:State,state
GitTables_7271,0,schema:Code,code
GitTables_118461,2,schema:Code,code
GitTables_59202,6,schema:Class,class
GitTables_75,1,schema:Message,message
GitTables_136702,12,schema:DataType,data type
GitTables_129518,0,schema:Dataset,dataset
GitTables_64928,30,schema:Action,action
GitTables_193475,2,schema:Role,role
GitTables_141829,1,schema:State,state
GitTables_32276,8,schema:Country,country
GitTables_102725,5,schema:Class,class
GitTables_124512,1,schema:Code,code
GitTables_11369,14,schema:State,state
GitTables_169467,2,schema:Message,message
GitTables_70718,2,schema:Message,message
GitTables_7739,9,schema:URL,url
GitTables_35289,10,schema:Code,code
GitTables_6409,1,schema:URL,url
GitTables_40780,18,schema:Quantity,quantity
GitTables_33800,12,schema:State,state
GitTables_60204,30,schema:Action,action
GitTables_69646,17,schema:City,city
GitTables_21445,4,schema:DataType,data type
GitTables_21579,0,schema:Code,code
GitTables_2633,1,schema:Duration,duration
GitTables_65060,30,schema:Action,action
GitTables_38289,6,schema:DataType,data type
GitTables_48261,30,schema:Action,action
GitTables_3272,2,schema:Code,code
GitTables_9166,4,schema:Season,season
GitTables_66986,6,schema:Order,order
GitTables_182554,30,schema:Action,action
GitTables_6405,6,schema:Duration,duration
GitTables_8104,4,schema:Order,order
GitTables_178543,13,schema:DataType,data type
GitTables_162605,3,schema:DataType,data type
GitTables_21474,2,schema:Season,season
GitTables_850,9,schema:City,city
GitTables_75867,6,schema:URL,url
GitTables_51516,1,schema:Code,code
GitTables_82048,2,schema:State,state
GitTables_113329,1,schema:URL,url
GitTables_11264,30,schema:Action,action
GitTables_101997,1,schema:City,city
GitTables_120,4,schema:Rating,rating
GitTables_72438,3,schema:Rating,rating
GitTables_25700,2,schema:Table,table
GitTables_135090,2,schema:DataType,data type
GitTables_28370,0,schema:Season,season
GitTables_52084,1,schema:DataType,data type
GitTables_69573,7,schema:Role,role
GitTables_37659,1,schema:Country,country
GitTables_141895,3,schema:Table,table
GitTables_26927,3,schema:City,city
GitTables_133578,6,schema:URL,url
GitTables_16307,6,schema:Mountain,mountain
GitTables_139304,6,schema:State,state
GitTables_17945,1,schema:City,city
GitTables_14366,0,schema:Code,code
GitTables_26495,2,schema:Code,code
GitTables_26278,2,schema:Quantity,quantity
GitTables_152964,2,schema:State,state
GitTables_9166,6,schema:Rating,rating
GitTables_156705,6,schema:DataType,data type
GitTables_48195,5,schema:State,state
GitTables_91069,1,schema:Mountain,mountain
GitTables_4450,0,schema:State,state
GitTables_195896,5,schema:Country,country
GitTables_6339,57,schema:State,state
GitTables_6032,8,schema:Country,country
GitTables_186079,5,schema:Country,country
GitTables_33700,61,schema:State,state
GitTables_7793,5,schema:State,state
GitTables_105971,5,schema:URL,url
GitTables_112153,4,schema:City,city
GitTables_10668,7,schema:Class,class
GitTables_3551,2,schema:Rating,rating
GitTables_192097,26,schema:Season,season
GitTables_20092,0,schema:Table,table
GitTables_123016,14,schema:Country,country
GitTables_2041,21,schema:State,state
GitTables_108518,30,schema:Action,action
GitTables_5014,12,schema:Order,order
GitTables_58470,9,schema:Message,message
GitTables_30064,1,schema:Code,code
GitTables_160781,5,schema:Series,series
GitTables_86702,2,schema:URL,url
GitTables_51352,4,schema:Rating,rating
GitTables_36746,0,schema:Table,table
GitTables_21321,21,schema:Role,role
GitTables_122842,30,schema:Action,action
GitTables_27577,1,schema:Code,code
GitTables_59129,7,schema:Country,country
GitTables_73839,1,schema:State,state
GitTables_96554,19,schema:URL,url
GitTables_48683,5,schema:Dataset,dataset
GitTables_66425,6,schema:City,city
GitTables_12426,29,schema:Country,country
GitTables_201315,22,schema:State,state
GitTables_169648,2,schema:Code,code
GitTables_69719,2,schema:Order,order
GitTables_114797,6,schema:Country,country
GitTables_97790,4,schema:Role,role
GitTables_96419,7,schema:Project,project
GitTables_107376,4,schema:URL,url
GitTables_102685,30,schema:Action,action
GitTables_25623,13,schema:Country,country
GitTables_110771,3,schema:URL,url
GitTables_148824,2,schema:Table,table
GitTables_4551,30,schema:Action,action
GitTables_104558,4,schema:Country,country
GitTables_55034,7,schema:Project,project
GitTables_45652,3,schema:Country,country
GitTables_131186,3,schema:City,city
GitTables_201958,1,schema:Country,country
GitTables_169785,4,schema:State,state
GitTables_4941,2,schema:URL,url
GitTables_25635,30,schema:Action,action
GitTables_51057,7,schema:URL,url
GitTables_25289,1,schema:City,city
GitTables_31103,3,schema:Class,class
GitTables_152270,3,schema:Class,class
GitTables_57104,1,schema:Table,table
GitTables_123016,12,schema:State,state
GitTables_65196,0,schema:State,state
GitTables_25930,1,schema:Code,code
GitTables_51306,0,schema:State,state
GitTables_31230,0,schema:Country,country
GitTables_46923,2,schema:DataType,data type
GitTables_44976,3,schema:Code,code
GitTables_122803,3,schema:Country,country
GitTables_176,30,schema:Action,action
GitTables_37142,2,schema:Rating,rating
GitTables_150878,30,schema:Action,action
GitTables_89301,30,schema:Action,action
GitTables_146675,1,schema:State,state
GitTables_38338,8,schema:Series,series
GitTables_36240,2,schema:State,state
GitTables_56358,3,schema:Table,table
GitTables_72854,2,schema:Code,code
GitTables_185577,1,schema:Country,country
GitTables_181877,3,schema:Code,code
GitTables_138491,3,schema:Country,country
GitTables_21166,34,schema:Event,event
GitTables_17538,3,schema:Duration,duration
GitTables_6734,12,schema:Duration,duration
GitTables_29497,25,schema:Code,code
GitTables_32861,4,schema:Class,class
GitTables_4968,6,schema:Rating,rating
GitTables_16198,6,schema:City,city
GitTables_136614,3,schema:City,city
GitTables_61719,8,schema:Class,class
GitTables_1085,30,schema:Action,action
GitTables_46867,1,schema:Dataset,dataset
GitTables_182491,8,schema:State,state
GitTables_135904,6,schema:City,city
GitTables_137077,4,schema:Duration,duration
GitTables_147929,30,schema:Action,action
GitTables_133729,0,schema:State,state
GitTables_111103,2,schema:Table,table
GitTables_22680,1,schema:State,state
GitTables_21919,9,schema:Class,class
GitTables_23610,4,schema:URL,url
GitTables_51758,3,schema:DataType,data type
GitTables_23022,3,schema:Country,country
GitTables_28039,1,schema:Code,code
GitTables_150394,1,schema:Code,code
GitTables_68866,1,schema:City,city
GitTables_31150,3,schema:Code,code
GitTables_81138,1,schema:URL,url
GitTables_8876,6,schema:Project,project
GitTables_61768,21,schema:Order,order
GitTables_113174,1,schema:Season,season
GitTables_109646,2,schema:DataType,data type
GitTables_195259,4,schema:State,state
GitTables_67695,0,schema:Series,series
GitTables_168278,3,schema:Season,season
GitTables_487,2,schema:Code,code
GitTables_7014,15,schema:State,state
GitTables_71840,9,schema:Season,season
GitTables_49288,30,schema:Action,action
GitTables_109697,2,schema:Project,project
GitTables_5164,1,schema:Code,code
GitTables_104421,30,schema:Action,action
GitTables_199047,6,schema:Duration,duration
GitTables_145750,1,schema:State,state
GitTables_34996,2,schema:URL,url
GitTables_31357,30,schema:URL,url
GitTables_282,2,schema:Class,class
GitTables_161527,12,schema:City,city
GitTables_43927,1,schema:Code,code
GitTables_78719,0,schema:Country,country
GitTables_2756,5,schema:City,city
GitTables_125071,6,schema:City,city
GitTables_35726,3,schema:Role,role
GitTables_37379,30,schema:Action,action
GitTables_8290,3,schema:City,city
GitTables_44815,3,schema:Country,country
GitTables_9022,10,schema:Class,class
GitTables_95110,3,schema:City,city
GitTables_26056,2,schema:Table,table
GitTables_2696,3,schema:URL,url
GitTables_130645,4,schema:URL,url
GitTables_80820,0,schema:City,city
GitTables_18521,30,schema:Action,action
GitTables_175288,0,schema:Table,table
GitTables_100658,8,schema:City,city
GitTables_82,0,schema:Season,season
GitTables_128746,18,schema:State,state
GitTables_41885,19,schema:Rating,rating
GitTables_43249,3,schema:Series,series
GitTables_88822,3,schema:City,city
GitTables_3891,4,schema:Country,country
GitTables_137135,0,schema:Country,country
GitTables_6942,2,schema:Dataset,dataset
GitTables_255,8,schema:Country,country
GitTables_2376,0,schema:State,state
GitTables_187709,5,schema:City,city
GitTables_4009,12,schema:State,state
GitTables_30983,9,schema:Class,class
GitTables_5967,1,schema:Code,code
GitTables_105376,30,schema:Action,action
GitTables_10083,30,schema:URL,url
GitTables_130810,1,schema:Table,table
GitTables_19261,2,schema:Code,code
GitTables_147691,7,schema:Role,role
GitTables_115460,12,schema:DataType,data type
GitTables_46667,6,schema:City,city
GitTables_84877,1,schema:City,city
GitTables_1005,0,schema:Project,project
GitTables_178085,10,schema:Country,country
GitTables_772,0,schema:Dataset,dataset
GitTables_9722,44,schema:Quantity,quantity
GitTables_46955,4,schema:City,city
GitTables_31336,1,schema:State,state
GitTables_48993,7,schema:Message,message
GitTables_35092,14,schema:DataType,data type
GitTables_2163,11,schema:URL,url
GitTables_33139,1,schema:URL,url
GitTables_23701,3,schema:URL,url
GitTables_107916,3,schema:Duration,duration
GitTables_50189,22,schema:Action,action
GitTables_155560,0,schema:Table,table
GitTables_141848,1,schema:Mountain,mountain
GitTables_78687,5,schema:Code,code
GitTables_108040,30,schema:Action,action
GitTables_10901,4,schema:Country,country
GitTables_78405,6,schema:Role,role
GitTables_3048,9,schema:City,city
GitTables_111110,1,schema:State,state
GitTables_10590,30,schema:Action,action
GitTables_16307,1,schema:State,state
GitTables_33221,6,schema:Country,country
GitTables_77123,2,schema:State,state
GitTables_13693,3,schema:DataType,data type
GitTables_12874,8,schema:City,city
GitTables_134046,2,schema:URL,url
GitTables_88127,9,schema:State,state
GitTables_99392,0,schema:Country,country
GitTables_112810,12,schema:Code,code
GitTables_56062,1,schema:Order,order
GitTables_65450,1,schema:State,state
GitTables_198692,0,schema:State,state
GitTables_1139,6,schema:Quantity,quantity
GitTables_772,5,schema:URL,url
GitTables_34987,7,schema:State,state
GitTables_130,3,schema:Code,code
GitTables_21579,7,schema:URL,url
GitTables_23474,10,schema:State,state
GitTables_4850,19,schema:State,state
GitTables_116622,3,schema:Quantity,quantity
GitTables_3590,6,schema:Duration,duration
GitTables_165821,9,schema:Country,country
GitTables_159916,0,schema:State,state
GitTables_101505,2,schema:Series,series
GitTables_47360,30,schema:Action,action
GitTables_34122,6,schema:City,city
GitTables_92225,6,schema:DataType,data type
GitTables_203143,1,schema:Country,country
GitTables_96082,1,schema:Code,code
GitTables_59159,29,schema:Rating,rating
GitTables_91343,3,schema:State,state
GitTables_65998,6,schema:Quantity,quantity
GitTables_205407,1,schema:State,state
GitTables_70951,4,schema:City,city
GitTables_95,5,schema:Country,country
GitTables_81775,25,schema:Action,action
GitTables_200695,5,schema:Duration,duration
GitTables_196219,30,schema:Action,action
GitTables_17422,11,schema:State,state
GitTables_24545,2,schema:Rating,rating
GitTables_91343,1,schema:City,city
GitTables_81398,2,schema:City,city
GitTables_34431,0,schema:Country,country
GitTables_148299,0,schema:State,state
GitTables_172906,2,schema:Table,table
GitTables_194993,2,schema:Dataset,dataset
GitTables_98397,1,schema:Country,country
GitTables_9119,4,schema:Code,code
GitTables_59524,10,schema:Duration,duration
GitTables_76175,0,schema:State,state
GitTables_55124,4,schema:URL,url
GitTables_140347,3,schema:Series,series
GitTables_54980,0,schema:Country,country
GitTables_127514,1,schema:URL,url
GitTables_86838,30,schema:Action,action
GitTables_204607,7,schema:URL,url
GitTables_66725,1,schema:Code,code
GitTables_66069,4,schema:State,state
GitTables_130797,7,schema:URL,url
GitTables_78495,8,schema:State,state
GitTables_179254,6,schema:Series,series
GitTables_148061,3,schema:Quantity,quantity
GitTables_103935,2,schema:Code,code
GitTables_148746,3,schema:Message,message
GitTables_16164,1,schema:Role,role
GitTables_90459,2,schema:Season,season
GitTables_46767,19,schema:URL,url
GitTables_5331,9,schema:Quantity,quantity
GitTables_1245,15,schema:State,state
GitTables_72836,5,schema:URL,url
GitTables_166272,7,schema:Mountain,mountain
GitTables_191742,2,schema:Action,action
GitTables_525,4,schema:Rating,rating
GitTables_102871,18,schema:URL,url
GitTables_35222,9,schema:Season,season
GitTables_4858,30,schema:Action,action
GitTables_126921,2,schema:Event,event
GitTables_165187,30,schema:Action,action
GitTables_19418,30,schema:Action,action
GitTables_28498,0,schema:Code,code
GitTables_74642,3,schema:DataType,data type
GitTables_14101,30,schema:Action,action
GitTables_805,2,schema:Code,code
GitTables_62937,6,schema:Country,country
GitTables_20100,2,schema:Class,class
GitTables_19778,8,schema:Country,country
GitTables_121709,30,schema:Action,action
GitTables_115402,30,schema:Action,action
GitTables_31663,30,schema:Action,action
GitTables_76067,5,schema:City,city
GitTables_37657,4,schema:State,state
GitTables_76067,0,schema:URL,url
GitTables_140897,30,schema:Action,action
GitTables_183040,8,schema:Duration,duration
GitTables_102061,3,schema:URL,url
GitTables_2030,6,schema:URL,url
GitTables_60005,6,schema:URL,url
GitTables_36387,4,schema:State,state
GitTables_128711,12,schema:Country,country
GitTables_5164,11,schema:Country,country
GitTables_154301,7,schema:Project,project
GitTables_11149,7,schema:City,city
GitTables_13724,2,schema:Rating,rating
GitTables_83364,30,schema:Action,action
GitTables_27,8,schema:URL,url
GitTables_60497,3,schema:Event,event
GitTables_125621,2,schema:Table,table
GitTables_81130,11,schema:Duration,duration
GitTables_125151,0,schema:State,state
GitTables_103586,20,schema:City,city
GitTables_33529,12,schema:Country,country
GitTables_39393,1,schema:Order,order
GitTables_40453,11,schema:City,city
GitTables_35934,7,schema:City,city
GitTables_10487,3,schema:Country,country
GitTables_21758,2,schema:State,state
GitTables_36635,8,schema:City,city
GitTables_62852,5,schema:URL,url
GitTables_70691,11,schema:Country,country
GitTables_3469,8,schema:City,city
GitTables_48682,7,schema:Class,class
GitTables_103034,3,schema:Class,class
GitTables_24549,1,schema:Table,table
GitTables_184794,8,schema:URL,url
GitTables_40632,3,schema:Code,code
GitTables_172906,14,schema:DataType,data type
GitTables_24312,30,schema:Action,action
GitTables_125276,13,schema:URL,url
GitTables_184648,8,schema:DataType,data type
GitTables_164917,5,schema:Project,project
GitTables_23199,2,schema:DataType,data type
GitTables_32890,30,schema:Action,action
GitTables_116098,2,schema:Message,message
GitTables_76148,2,schema:Code,code
GitTables_69090,3,schema:City,city
GitTables_104052,9,schema:State,state
GitTables_151705,5,schema:Duration,duration
GitTables_39173,3,schema:Code,code
GitTables_239,3,schema:Duration,duration
GitTables_120920,8,schema:City,city
GitTables_36940,7,schema:URL,url
GitTables_75880,1,schema:Series,series
GitTables_2849,8,schema:Season,season
GitTables_40780,10,schema:State,state
GitTables_90257,10,schema:State,state
GitTables_66064,12,schema:State,state
GitTables_28090,14,schema:Action,action
GitTables_178484,14,schema:Class,class
GitTables_95463,1,schema:Code,code
GitTables_197380,51,schema:Quantity,quantity
GitTables_124614,1,schema:State,state
GitTables_1558,1,schema:Code,code
GitTables_132291,13,schema:Season,season
GitTables_99378,3,schema:Mountain,mountain
GitTables_104027,50,schema:Duration,duration
GitTables_17502,5,schema:City,city
GitTables_120824,2,schema:Message,message
GitTables_60996,5,schema:URL,url
GitTables_49457,8,schema:Country,country
GitTables_73363,21,schema:Order,order
GitTables_42854,4,schema:URL,url
GitTables_187063,3,schema:Rating,rating
GitTables_67611,1,schema:Code,code
GitTables_73363,20,schema:Class,class
GitTables_154722,30,schema:Action,action
GitTables_95974,3,schema:Duration,duration
GitTables_19758,3,schema:State,state
GitTables_169492,12,schema:Event,event
GitTables_3780,2,schema:Rating,rating
GitTables_95982,15,schema:State,state
GitTables_45436,30,schema:Action,action
GitTables_5170,8,schema:Country,country
GitTables_128339,6,schema:URL,url
GitTables_174556,4,schema:URL,url
GitTables_50079,4,schema:State,state
GitTables_174676,2,schema:Code,code
GitTables_196439,2,schema:State,state
GitTables_13908,3,schema:DataType,data type
GitTables_139677,3,schema:URL,url
GitTables_75239,1,schema:Code,code
GitTables_124744,0,schema:State,state
GitTables_5119,7,schema:Season,season
GitTables_68350,17,schema:Series,series
GitTables_76067,8,schema:Country,country
GitTables_200864,4,schema:State,state
GitTables_27145,3,schema:URL,url
GitTables_172339,1,schema:Country,country
GitTables_161267,10,schema:Duration,duration
GitTables_150132,1,schema:Order,order
GitTables_159868,0,schema:Code,code
GitTables_68463,10,schema:Message,message
GitTables_175114,11,schema:URL,url
GitTables_142152,0,schema:Table,table
GitTables_26004,2,schema:DataType,data type
GitTables_24791,2,schema:Table,table
GitTables_165229,4,schema:Table,table
GitTables_15768,5,schema:City,city
GitTables_66306,30,schema:Action,action
GitTables_72071,2,schema:Event,event
GitTables_10724,9,schema:State,state
GitTables_32304,30,schema:Action,action
GitTables_2105,15,schema:Event,event
GitTables_45780,7,schema:Class,class
GitTables_10802,3,schema:Series,series
GitTables_67886,1,schema:Duration,duration
GitTables_44259,30,schema:Action,action
GitTables_40205,22,schema:Order,order
GitTables_1851,1,schema:DataType,data type
GitTables_42611,3,schema:State,state
GitTables_167637,4,schema:Series,series
GitTables_48618,13,schema:URL,url
GitTables_100658,11,schema:Country,country
GitTables_82025,4,schema:Duration,duration
GitTables_125106,19,schema:Country,country
GitTables_112922,2,schema:Season,season
GitTables_103718,2,schema:Code,code
GitTables_35568,30,schema:Action,action
GitTables_30920,12,schema:Duration,duration
GitTables_152645,4,schema:City,city
GitTables_99631,6,schema:URL,url
GitTables_57936,9,schema:State,state
GitTables_148311,4,schema:Country,country
GitTables_2184,0,schema:State,state
GitTables_89196,3,schema:URL,url
GitTables_206090,36,schema:Rating,rating
GitTables_5119,1,schema:URL,url
GitTables_11022,8,schema:Duration,duration
GitTables_3137,0,schema:Table,table
GitTables_66596,30,schema:Action,action
GitTables_132882,22,schema:Code,code
GitTables_127773,1,schema:City,city
GitTables_125409,57,schema:Quantity,quantity
GitTables_81188,4,schema:Class,class
GitTables_118585,4,schema:Class,class
GitTables_43436,4,schema:Order,order
GitTables_142075,15,schema:URL,url
GitTables_93076,1,schema:Country,country
GitTables_166271,3,schema:State,state
GitTables_61664,11,schema:Event,event
GitTables_50864,6,schema:Order,order
GitTables_5376,2,schema:State,state
GitTables_156420,5,schema:Country,country
GitTables_107264,30,schema:Action,action
GitTables_3469,1,schema:State,state
GitTables_26056,15,schema:DataType,data type
GitTables_13920,30,schema:Action,action
GitTables_114279,1,schema:Code,code
GitTables_160852,4,schema:State,state
GitTables_21148,4,schema:State,state
GitTables_854,32,schema:Action,action
GitTables_51088,3,schema:City,city
GitTables_40076,4,schema:URL,url
GitTables_58748,2,schema:URL,url
GitTables_91646,2,schema:City,city
GitTables_196439,3,schema:Country,country
GitTables_204291,5,schema:City,city
GitTables_3650,2,schema:Country,country
GitTables_206556,3,schema:Duration,duration
GitTables_111103,14,schema:DataType,data type
GitTables_72936,3,schema:Mountain,mountain
GitTables_23715,6,schema:City,city
GitTables_54493,6,schema:Event,event
GitTables_40724,17,schema:City,city
GitTables_42454,36,schema:Quantity,quantity
GitTables_119672,1,schema:Country,country
GitTables_88890,0,schema:Country,country
GitTables_86453,15,schema:DataType,data type
GitTables_3938,30,schema:Action,action
GitTables_650,1,schema:Class,class
GitTables_24437,8,schema:City,city
GitTables_198742,2,schema:DataType,data type
GitTables_196439,0,schema:Code,code
GitTables_165229,16,schema:DataType,data type
GitTables_84731,7,schema:URL,url
GitTables_66338,0,schema:Class,class
GitTables_28728,7,schema:State,state
GitTables_101677,6,schema:Country,country
GitTables_3295,3,schema:Season,season
GitTables_12979,1,schema:URL,url
GitTables_61052,3,schema:State,state
GitTables_148608,1,schema:Code,code
GitTables_4308,2,schema:Message,message
GitTables_153350,26,schema:URL,url
GitTables_530,1,schema:Code,code
GitTables_124949,2,schema:Quantity,quantity
GitTables_96057,3,schema:DataType,data type
GitTables_50237,30,schema:Country,country
GitTables_56603,3,schema:URL,url
GitTables_76815,0,schema:URL,url
GitTables_10985,3,schema:DataType,data type
GitTables_102178,6,schema:URL,url
GitTables_38953,1,schema:Duration,duration
GitTables_37922,30,schema:Action,action
GitTables_19163,10,schema:Order,order
GitTables_78415,0,schema:State,state
GitTables_2037,8,schema:Country,country
GitTables_23734,2,schema:Country,country
GitTables_103294,3,schema:Quantity,quantity
GitTables_71425,2,schema:Order,order
GitTables_167459,0,schema:Event,event
GitTables_134158,0,schema:Country,country
GitTables_62267,2,schema:State,state
GitTables_166845,30,schema:Action,action
GitTables_8584,4,schema:City,city
GitTables_16268,0,schema:Code,code
GitTables_100893,6,schema:Order,order
GitTables_11022,5,schema:State,state
GitTables_57532,3,schema:DataType,data type
GitTables_94443,19,schema:City,city
GitTables_55644,2,schema:Rating,rating
GitTables_16456,30,schema:Action,action
GitTables_91951,5,schema:Country,country
GitTables_95859,6,schema:URL,url
GitTables_51795,30,schema:Action,action
GitTables_27292,2,schema:Series,series
GitTables_38806,2,schema:Code,code
GitTables_96583,30,schema:Action,action
GitTables_25392,0,schema:State,state
GitTables_36940,3,schema:State,state
GitTables_131265,1,schema:Class,class
GitTables_136703,1,schema:City,city
GitTables_95106,5,schema:Message,message
GitTables_204437,1,schema:City,city
GitTables_5758,4,schema:URL,url
GitTables_15299,30,schema:Action,action
GitTables_91587,8,schema:URL,url
GitTables_72266,11,schema:URL,url
GitTables_3038,3,schema:DataType,data type
GitTables_7634,6,schema:City,city
GitTables_203499,5,schema:Series,series
GitTables_189772,3,schema:Class,class
GitTables_14051,6,schema:Rating,rating
GitTables_147174,5,schema:Duration,duration
GitTables_74389,8,schema:State,state
GitTables_179095,6,schema:State,state
GitTables_87062,2,schema:Series,series
GitTables_70088,0,schema:Dataset,dataset
GitTables_70690,0,schema:Code,code
GitTables_57957,0,schema:Season,season
GitTables_12083,1,schema:URL,url
GitTables_177504,1,schema:City,city
GitTables_77475,30,schema:Action,action
GitTables_91813,2,schema:Code,code
GitTables_22905,30,schema:Rating,rating
GitTables_56126,6,schema:State,state
GitTables_189247,0,schema:State,state
GitTables_77246,11,schema:City,city
GitTables_585,30,schema:Action,action
GitTables_12654,3,schema:State,state
GitTables_203930,10,schema:Order,order
GitTables_161235,0,schema:Class,class
GitTables_33873,0,schema:Action,action
GitTables_44041,4,schema:Code,code
GitTables_126638,3,schema:Order,order
GitTables_160010,2,schema:URL,url
GitTables_30225,1,schema:Duration,duration
GitTables_189578,11,schema:Order,order
GitTables_167011,1,schema:City,city
GitTables_184938,5,schema:Code,code
GitTables_90753,5,schema:State,state
GitTables_41204,4,schema:Country,country
GitTables_1161,0,schema:Dataset,dataset
GitTables_196714,0,schema:Class,class
GitTables_177155,7,schema:Project,project
GitTables_66124,30,schema:Action,action
GitTables_13026,0,schema:State,state
GitTables_27919,13,schema:Code,code
GitTables_94038,3,schema:Table,table
GitTables_16510,2,schema:Message,message
GitTables_81071,10,schema:DataType,data type
GitTables_33830,0,schema:Action,action
GitTables_86067,3,schema:DataType,data type
GitTables_119840,4,schema:City,city
GitTables_25289,2,schema:State,state
GitTables_17649,11,schema:Quantity,quantity
GitTables_132842,2,schema:URL,url
GitTables_2937,0,schema:Duration,duration
GitTables_182325,3,schema:Country,country
GitTables_1517,2,schema:Country,country
GitTables_22238,2,schema:Code,code
GitTables_105232,11,schema:State,state
GitTables_59202,7,schema:Order,order
GitTables_253,2,schema:Class,class
GitTables_56858,1,schema:Action,action
GitTables_36483,2,schema:Action,action
GitTables_127271,1,schema:Code,code
GitTables_173689,5,schema:Code,code
GitTables_83227,0,schema:Table,table
GitTables_136614,4,schema:State,state
GitTables_3775,30,schema:Action,action
GitTables_21233,1,schema:Code,code
GitTables_200095,1,schema:State,state
GitTables_26573,0,schema:Dataset,dataset
GitTables_131416,4,schema:Code,code
GitTables_70408,10,schema:Rating,rating
GitTables_88712,1,schema:Quantity,quantity
GitTables_41956,14,schema:Duration,duration
GitTables_1188,4,schema:City,city
GitTables_68269,8,schema:State,state
GitTables_136871,4,schema:Event,event
GitTables_79184,2,schema:Series,series
GitTables_107673,1,schema:State,state
GitTables_126947,13,schema:State,state
GitTables_107492,2,schema:Action,action
GitTables_60786,5,schema:Rating,rating
GitTables_12148,3,schema:Event,event
GitTables_105971,1,schema:Dataset,dataset
GitTables_39402,10,schema:Duration,duration
GitTables_85887,1,schema:Class,class
GitTables_159906,3,schema:City,city
GitTables_46431,1,schema:Dataset,dataset
GitTables_36387,3,schema:City,city
GitTables_20365,9,schema:Order,order
GitTables_44279,7,schema:Role,role
GitTables_114797,4,schema:State,state
GitTables_157456,5,schema:Message,message
GitTables_29763,1,schema:Code,code
GitTables_83722,0,schema:Table,table
GitTables_39604,2,schema:State,state
GitTables_198179,6,schema:Event,event
GitTables_107386,1,schema:URL,url
GitTables_43294,1,schema:Code,code
GitTables_131577,4,schema:Code,code
GitTables_8670,30,schema:Action,action
GitTables_179637,6,schema:City,city
GitTables_14681,50,schema:Duration,duration
GitTables_125409,7,schema:Project,project
GitTables_120725,1,schema:Dataset,dataset
GitTables_49217,0,schema:State,state
GitTables_103294,14,schema:URL,url
GitTables_130327,1,schema:Code,code
GitTables_159281,1,schema:Quantity,quantity
GitTables_117358,3,schema:State,state
GitTables_116961,29,schema:URL,url
GitTables_39374,30,schema:Action,action
GitTables_7793,4,schema:City,city
GitTables_202168,0,schema:Code,code
GitTables_72828,2,schema:DataType,data type
GitTables_74254,11,schema:Quantity,quantity
GitTables_17502,8,schema:Country,country
GitTables_83227,2,schema:DataType,data type
GitTables_4650,16,schema:City,city
GitTables_3796,30,schema:Action,action
GitTables_26907,5,schema:Class,class
GitTables_193413,9,schema:Role,role
GitTables_205611,21,schema:Quantity,quantity
GitTables_69835,10,schema:Dataset,dataset
GitTables_117510,1,schema:Code,code
GitTables_21579,9,schema:City,city
GitTables_97387,0,schema:Code,code
GitTables_90935,20,schema:City,city
GitTables_16033,0,schema:Event,event
GitTables_58938,11,schema:URL,url
GitTables_28823,1,schema:State,state
GitTables_7429,3,schema:Code,code
GitTables_21870,0,schema:Code,code
GitTables_182176,2,schema:State,state
GitTables_37479,0,schema:Country,country
GitTables_133702,30,schema:Action,action
GitTables_205520,5,schema:Project,project
GitTables_98342,0,schema:Country,country
GitTables_156839,30,schema:Action,action
GitTables_103125,3,schema:Duration,duration
GitTables_177319,10,schema:State,state
GitTables_130309,1,schema:URL,url
GitTables_35848,3,schema:URL,url
GitTables_61664,21,schema:Message,message
GitTables_148585,9,schema:Duration,duration
GitTables_54901,0,schema:Message,message
GitTables_13523,0,schema:Code,code
GitTables_26251,14,schema:Order,order
GitTables_21577,3,schema:Season,season
GitTables_16188,15,schema:City,city
GitTables_259,2,schema:Class,class
GitTables_19271,30,schema:Action,action
GitTables_34189,8,schema:Order,order
GitTables_20442,23,schema:URL,url
GitTables_114531,4,schema:City,city
GitTables_91128,13,schema:Country,country
GitTables_194278,0,schema:Action,action
GitTables_161527,29,schema:Country,country
GitTables_23474,9,schema:City,city
GitTables_100382,4,schema:URL,url
GitTables_200660,2,schema:Class,class
GitTables_20896,1,schema:Code,code
GitTables_45194,1,schema:URL,url
GitTables_204311,17,schema:URL,url
GitTables_146615,24,schema:Order,order
GitTables_148265,6,schema:URL,url
GitTables_95438,0,schema:URL,url
GitTables_46955,5,schema:Country,country
GitTables_56345,2,schema:Code,code
GitTables_13574,5,schema:Dataset,dataset
GitTables_100893,5,schema:Class,class
GitTables_58617,0,schema:Action,action
GitTables_104821,4,schema:Event,event
GitTables_3932,0,schema:Code,code
GitTables_140703,5,schema:City,city
GitTables_168772,3,schema:City,city
GitTables_65116,4,schema:State,state
GitTables_19163,9,schema:Class,class
GitTables_102357,4,schema:Role,role
GitTables_191859,1,schema:Class,class
GitTables_10724,10,schema:City,city
GitTables_125840,3,schema:Table,table
GitTables_111279,30,schema:Action,action
GitTables_19700,3,schema:DataType,data type
GitTables_41293,7,schema:Country,country
GitTables_70633,30,schema:Action,action
GitTables_769,2,schema:State,state
GitTables_10783,14,schema:Rating,rating
GitTables_76135,15,schema:Quantity,quantity
GitTables_40832,7,schema:Mountain,mountain
GitTables_48154,30,schema:Action,action
GitTables_23926,9,schema:DataType,data type
GitTables_202907,5,schema:Series,series
GitTables_21226,3,schema:Country,country
GitTables_164093,4,schema:Country,country
GitTables_101838,1,schema:URL,url
GitTables_72418,26,schema:Country,country
GitTables_11242,3,schema:Country,country
GitTables_3065,3,schema:Duration,duration
GitTables_112341,2,schema:DataType,data type
GitTables_54649,8,schema:Order,order
GitTables_11109,0,schema:State,state
GitTables_8290,4,schema:State,state
GitTables_37277,5,schema:URL,url
GitTables_147376,2,schema:Event,event
GitTables_43482,9,schema:URL,url
GitTables_95625,4,schema:URL,url
GitTables_171987,7,schema:Quantity,quantity
GitTables_35739,3,schema:City,city
GitTables_139313,2,schema:State,state
GitTables_121049,10,schema:Order,order
GitTables_9128,7,schema:Role,role
GitTables_2175,1,schema:Duration,duration
GitTables_10752,12,schema:City,city
GitTables_4118,30,schema:Action,action
GitTables_10933,5,schema:City,city
GitTables_153603,2,schema:Project,project
GitTables_179671,30,schema:Action,action
GitTables_11344,1,schema:Code,code
GitTables_2022,2,schema:Code,code
GitTables_54649,5,schema:Rating,rating
GitTables_605,9,schema:Action,action
GitTables_1188,7,schema:Country,country
GitTables_67565,6,schema:Action,action
GitTables_127669,0,schema:State,state
GitTables_197041,5,schema:Quantity,quantity
GitTables_194684,3,schema:Code,code
GitTables_201315,2,schema:City,city
GitTables_15315,30,schema:URL,url
GitTables_46942,18,schema:Message,message
GitTables_59186,2,schema:URL,url
GitTables_2383,31,schema:Country,country
GitTables_5187,30,schema:Action,action
GitTables_16291,1,schema:Class,class
GitTables_44564,19,schema:Country,country
GitTables_15786,30,schema:Action,action
GitTables_174648,0,schema:Code,code
GitTables_21332,10,schema:State,state
GitTables_33903,2,schema:URL,url
GitTables_188600,5,schema:Country,country
GitTables_25748,4,schema:State,state
GitTables_16592,5,schema:URL,url
GitTables_69090,4,schema:State,state
GitTables_15894,2,schema:City,city
GitTables_4421,2,schema:URL,url
GitTables_79144,3,schema:Country,country
GitTables_43396,0,schema:Country,country
GitTables_21126,4,schema:City,city
GitTables_46588,5,schema:Quantity,quantity
GitTables_120941,2,schema:State,state
GitTables_156297,4,schema:DataType,data type
GitTables_89584,8,schema:City,city
GitTables_7435,16,schema:City,city
GitTables_59096,5,schema:Code,code
GitTables_185985,1,schema:URL,url
GitTables_4453,0,schema:State,state
GitTables_15265,12,schema:Class,class
GitTables_124927,1,schema:Order,order
GitTables_2756,8,schema:Country,country
GitTables_16082,5,schema:Country,country
GitTables_156614,6,schema:Role,role
GitTables_18673,2,schema:Code,code
GitTables_2267,3,schema:Action,action
GitTables_174647,30,schema:Action,action
GitTables_7773,0,schema:State,state
GitTables_145226,1,schema:Code,code
GitTables_150920,3,schema:Rating,rating
GitTables_97514,5,schema:Duration,duration
GitTables_49996,21,schema:Class,class
GitTables_72443,1,schema:Code,code
GitTables_61679,5,schema:City,city
GitTables_72837,8,schema:Code,code
GitTables_93076,0,schema:Code,code
GitTables_127773,2,schema:Country,country
GitTables_60056,1,schema:Mountain,mountain
GitTables_3536,4,schema:State,state
GitTables_61576,11,schema:City,city
GitTables_5069,1,schema:Dataset,dataset
GitTables_28917,3,schema:Code,code
GitTables_14342,3,schema:Series,series
GitTables_180449,4,schema:Action,action
GitTables_49085,25,schema:URL,url
GitTables_200033,7,schema:Duration,duration
GitTables_154684,3,schema:Series,series
GitTables_147994,5,schema:Series,series
GitTables_6717,3,schema:Country,country
GitTables_99135,3,schema:State,state
GitTables_4110,15,schema:State,state
GitTables_113375,30,schema:Action,action
GitTables_41907,25,schema:City,city
GitTables_15550,4,schema:State,state
GitTables_85021,2,schema:Message,message
GitTables_20340,1,schema:DataType,data type
GitTables_70219,10,schema:Order,order
GitTables_185884,2,schema:DataType,data type
GitTables_47248,1,schema:Mountain,mountain
GitTables_196218,2,schema:State,state
GitTables_7136,5,schema:Role,role
GitTables_49076,0,schema:Country,country
GitTables_18336,4,schema:Series,series
GitTables_28620,1,schema:Code,code
GitTables_8054,6,schema:Order,order
GitTables_128553,2,schema:Quantity,quantity
GitTables_55082,1,schema:State,state
GitTables_70691,8,schema:City,city
GitTables_85001,30,schema:Action,action
GitTables_122600,9,schema:City,city
GitTables_99243,10,schema:Order,order
GitTables_5376,1,schema:Country,country
GitTables_1661,30,schema:Action,action
GitTables_11041,1,schema:Mountain,mountain
GitTables_186190,30,schema:Action,action
GitTables_146425,4,schema:URL,url
GitTables_80432,30,schema:Action,action
GitTables_8759,5,schema:Class,class
GitTables_45135,7,schema:State,state
GitTables_10232,30,schema:Action,action
GitTables_16019,31,schema:Quantity,quantity
GitTables_21385,30,schema:Action,action
GitTables_997,8,schema:Season,season
GitTables_88127,8,schema:City,city
GitTables_70033,1,schema:State,state
GitTables_28114,30,schema:Action,action
GitTables_6511,3,schema:Series,series
GitTables_19958,0,schema:Code,code
GitTables_255,17,schema:URL,url
GitTables_55825,2,schema:Rating,rating
GitTables_36517,17,schema:Duration,duration
GitTables_1968,9,schema:Class,class
GitTables_32892,10,schema:City,city
GitTables_144,0,schema:Country,country
GitTables_153069,10,schema:State,state
GitTables_25222,4,schema:City,city
GitTables_53070,3,schema:Quantity,quantity
GitTables_131674,30,schema:Action,action
GitTables_157610,30,schema:Action,action
GitTables_159873,2,schema:City,city
GitTables_142354,0,schema:Country,country
GitTables_120904,13,schema:URL,url
GitTables_196360,7,schema:Country,country
GitTables_132025,3,schema:Quantity,quantity
GitTables_48682,2,schema:Rating,rating
GitTables_28728,14,schema:Country,country
GitTables_29391,3,schema:DataType,data type
GitTables_36635,9,schema:State,state
GitTables_202168,1,schema:State,state
GitTables_6162,30,schema:Action,action
GitTables_99860,30,schema:Action,action
